0,7.7,0.2,0.1,0.5,0.3,0.2,0.5,0.5,0.5,0.2,0.5,0.2,7.7,5.3,4.3,1,2.4,1.4,0.7,27.846,27.844,27.845,27.845,27.845,27.845,27.845,27.845,27.845,27.845,27.845,27.845,27.845,27.845,27.845,27.845,27.845,27.845,27.845,77,2,1,5,3,2,5,5,5,2,5,2,77,53,43,10,24,14,7,700,830,920,1050,1100,1050,950,1020,1200,1300,1150,1000,800,900,920,970,900,1000,1150,500,870,880,770,700,650,500,420,475,420,300,250,500,650,750,700,415,350,420,0,0,0,0,0,0,0,0,0,0,0,0,0,0,0,0,0,0,0,0,0,0,1,0,0,0,0,0,0,0,0,0,0,0,0,0,0,831,869,0,1
600,7.7,0.2,0.1,0.5,0.3,0.2,0.5,0.5,0.5,0.2,0.5,0.2,7.7,5.3,4.3,1,2.4,1.4,0.7,27.846,27.844,27.845,27.845,27.845,27.845,27.845,27.845,27.845,27.845,27.845,27.845,27.845,27.845,27.845,27.845,27.845,27.845,27.845,77,2,1,5,3,2,5,5,5,2,5,2,77,53,43,10,24,14,7,700,830,920,1050,1100,1050,950,1020,1200,1300,1150,1000,800,900,920,970,900,1000,1150,500,870,880,770,700,650,500,420,475,420,300,250,500,650,750,700,415,350,420,0,0,0,0,0,0,0,0,0,0,0,0,0,0,0,0,0,0,0,0,0,0,1,0,0,0,0,0,0,0,0,0,0,0,0,0,0,831,869,0,1
1200,7.7,0.2,0.1,0.5,0.3,0.2,0.5,0.5,0.5,0.2,0.5,0.2,7.7,5.3,4.3,1,2.4,1.4,0.7,27.846,27.844,27.845,27.845,27.845,27.845,27.845,27.845,27.845,27.845,27.845,27.845,27.845,27.845,27.845,27.845,27.845,27.845,27.845,77,2,1,5,3,2,5,5,5,2,5,2,77,53,43,10,24,14,7,700,830,920,1050,1100,1050,950,1020,1200,1300,1150,1000,800,900,920,970,900,1000,1150,500,870,880,770,700,650,500,420,475,420,300,250,500,650,750,700,415,350,420,0,0,0,0,0,0,0,0,0,0,0,0,0,0,0,0,0,0,0,0,0,0,1,0,0,0,0,0,0,0,0,0,0,0,0,0,0,831,869,0,1
1800,7.7,0.2,0.1,0.5,0.3,0.2,0.5,0.5,0.5,0.2,0.5,0.2,7.7,5.3,4.3,1,2.4,1.4,0.7,27.846,27.844,27.845,27.845,27.845,27.845,27.845,27.845,27.845,27.845,27.845,27.845,27.845,27.845,27.845,27.845,27.845,27.845,27.845,77,2,1,5,3,2,5,5,5,2,5,2,77,53,43,10,24,14,7,700,830,920,1050,1100,1050,950,1020,1200,1300,1150,1000,800,900,920,970,900,1000,1150,500,870,880,770,700,650,500,420,475,420,300,250,500,650,750,700,415,350,420,0,0,0,0,0,0,0,0,0,0,0,0,0,0,0,0,0,0,0,0,0,0,1,0,0,0,0,0,0,0,0,0,0,0,0,0,0,831,869,0,1
2400,7.7,0.2,0.1,0.5,0.3,0.2,0.5,0.5,0.5,0.2,0.5,0.2,7.7,5.3,4.3,1,2.4,1.4,0.7,27.846,27.844,27.845,27.845,27.845,27.845,27.845,27.845,27.845,27.845,27.845,27.845,27.845,27.845,27.845,27.845,27.845,27.845,27.845,77,2,1,5,3,2,5,5,5,2,5,2,77,53,43,10,24,14,7,700,830,920,1050,1100,1050,950,1020,1200,1300,1150,1000,800,900,920,970,900,1000,1150,500,870,880,770,700,650,500,420,475,420,300,250,500,650,750,700,415,350,420,0,0,0,0,0,0,0,0,0,0,0,0,0,0,0,0,0,0,0,0,0,0,1,0,0,0,0,0,0,0,0,0,0,0,0,0,0,831,869,0,1
3000,7.7,0.2,0.1,0.5,0.3,0.2,0.5,0.5,0.5,0.2,0.5,0.2,7.7,5.3,4.3,1,2.4,1.4,0.7,27.846,27.844,27.845,27.845,27.845,27.845,27.845,27.845,27.845,27.845,27.845,27.845,27.845,27.845,27.845,27.845,27.845,27.845,27.845,77,2,1,5,3,2,5,5,5,2,5,2,77,53,43,10,24,14,7,700,830,920,1050,1100,1050,950,1020,1200,1300,1150,1000,800,900,920,970,900,1000,1150,500,870,880,770,700,650,500,420,475,420,300,250,500,650,750,700,415,350,420,0,0,0,0,0,0,0,0,0,0,0,0,0,0,0,0,0,0,0,0,0,0,1,0,0,0,0,0,0,0,0,0,0,0,0,0,0,831,869,0,1
3600,7.5497,0.3022,0.1,0.4266,0.3411,0.35,0.4266,0.2,0.4266,0.2,0.4266,0.35,7.5497,5.5199,4.4022,1.1177,2.0298,1.4032,0.6266,67.272,67.27,67.271,67.271,67.271,67.271,67.271,67.271,67.271,67.271,67.271,67.271,67.271,67.271,67.271,67.271,67.271,67.271,67.271,75.497,3.022,1,4.266,3.411,3.5,4.266,2,4.266,2,4.266,3.5,75.497,55.199,44.022,11.177,20.298,14.032,6.266,700,830,920,1050,1100,1050,950,1020,1200,1300,1150,1000,800,900,920,970,900,1000,1150,500,870,880,770,700,650,500,420,475,420,300,250,500,650,750,700,415,350,420,0,0,0,0,0,0,0,0,0,0,0,0,0,0,0,0,0,0,0,0,0,0,1,0,0,0,0,0,0,0,0,0,0,0,0,0,0,831,869,0,1
4200,7.5497,0.3022,0.1,0.4266,0.3411,0.35,0.4266,0.2,0.4266,0.2,0.4266,0.35,7.5497,5.5199,4.4022,1.1177,2.0298,1.4032,0.6266,67.272,67.27,67.271,67.271,67.271,67.271,67.271,67.271,67.271,67.271,67.271,67.271,67.271,67.271,67.271,67.271,67.271,67.271,67.271,75.497,3.022,1,4.266,3.411,3.5,4.266,2,4.266,2,4.266,3.5,75.497,55.199,44.022,11.177,20.298,14.032,6.266,700,830,920,1050,1100,1050,950,1020,1200,1300,1150,1000,800,900,920,970,900,1000,1150,500,870,880,770,700,650,500,420,475,420,300,250,500,650,750,700,415,350,420,0,0,0,0,0,0,0,0,0,0,0,0,0,0,0,0,0,0,0,0,0,0,1,0,0,0,0,0,0,0,0,0,0,0,0,0,0,831,869,0,1
4800,7.5497,0.3022,0.1,0.4266,0.3411,0.35,0.4266,0.2,0.4266,0.2,0.4266,0.35,7.5497,5.5199,4.4022,1.1177,2.0298,1.4032,0.6266,67.272,67.27,67.271,67.271,67.271,67.271,67.271,67.271,67.271,67.271,67.271,67.271,67.271,67.271,67.271,67.271,67.271,67.271,67.271,75.497,3.022,1,4.266,3.411,3.5,4.266,2,4.266,2,4.266,3.5,75.497,55.199,44.022,11.177,20.298,14.032,6.266,700,830,920,1050,1100,1050,950,1020,1200,1300,1150,1000,800,900,920,970,900,1000,1150,500,870,880,770,700,650,500,420,475,420,300,250,500,650,750,700,415,350,420,0,0,0,0,0,0,0,0,0,0,0,0,0,0,0,0,0,0,0,0,0,0,1,0,0,0,0,0,0,0,0,0,0,0,0,0,0,831,869,0,1
5400,7.5497,0.3022,0.1,0.4266,0.3411,0.35,0.4266,0.2,0.4266,0.2,0.4266,0.35,7.5497,5.5199,4.4022,1.1177,2.0298,1.4032,0.6266,67.272,67.27,67.271,67.271,67.271,67.271,67.271,67.271,67.271,67.271,67.271,67.271,67.271,67.271,67.271,67.271,67.271,67.271,67.271,75.497,3.022,1,4.266,3.411,3.5,4.266,2,4.266,2,4.266,3.5,75.497,55.199,44.022,11.177,20.298,14.032,6.266,700,830,920,1050,1100,1050,950,1020,1200,1300,1150,1000,800,900,920,970,900,1000,1150,500,870,880,770,700,650,500,420,475,420,300,250,500,650,750,700,415,350,420,0,0,0,0,0,0,0,0,0,0,0,0,0,0,0,0,0,0,0,0,0,0,1,0,0,0,0,0,0,0,0,0,0,0,0,0,0,831,869,0,1
6000,7.5497,0.3022,0.1,0.4266,0.3411,0.35,0.4266,0.2,0.4266,0.2,0.4266,0.35,7.5497,5.5199,4.4022,1.1177,2.0298,1.4032,0.6266,67.272,67.27,67.271,67.271,67.271,67.271,67.271,67.271,67.271,67.271,67.271,67.271,67.271,67.271,67.271,67.271,67.271,67.271,67.271,75.497,3.022,1,4.266,3.411,3.5,4.266,2,4.266,2,4.266,3.5,75.497,55.199,44.022,11.177,20.298,14.032,6.266,700,830,920,1050,1100,1050,950,1020,1200,1300,1150,1000,800,900,920,970,900,1000,1150,500,870,880,770,700,650,500,420,475,420,300,250,500,650,750,700,415,350,420,0,0,0,0,0,0,0,0,0,0,0,0,0,0,0,0,0,0,0,0,0,0,1,0,0,0,0,0,0,0,0,0,0,0,0,0,0,831,869,0,1
6600,7.5497,0.3022,0.1,0.4266,0.3411,0.35,0.4266,0.2,0.4266,0.2,0.4266,0.35,7.5497,5.5199,4.4022,1.1177,2.0298,1.4032,0.6266,67.272,67.27,67.271,67.271,67.271,67.271,67.271,67.271,67.271,67.271,67.271,67.271,67.271,67.271,67.271,67.271,67.271,67.271,67.271,75.497,3.022,1,4.266,3.411,3.5,4.266,2,4.266,2,4.266,3.5,75.497,55.199,44.022,11.177,20.298,14.032,6.266,700,830,920,1050,1100,1050,950,1020,1200,1300,1150,1000,800,900,920,970,900,1000,1150,500,870,880,770,700,650,500,420,475,420,300,250,500,650,750,700,415,350,420,0,0,0,0,0,0,0,0,0,0,0,0,0,0,0,0,0,0,0,0,0,0,1,0,0,0,0,0,0,0,0,0,0,0,0,0,0,831,869,0,1
7200,7.6475,0.4088,-2.5811e-07,0.3625,0.3887,0.5,0.3625,0.2,0.3625,0.2,0.3625,0.5,7.6475,5.66,4.4088,1.2512,1.9875,1.425,0.5625,89.631,89.629,89.63,89.63,89.63,89.63,89.63,89.63,89.63,89.63,89.63,89.63,89.631,89.63,89.63,89.63,89.63,89.63,89.63,76.475,4.088,-2.5811e-06,3.625,3.887,5,3.625,2,3.625,2,3.625,5,76.475,56.6,44.088,12.512,19.875,14.25,5.625,700,830,920,1050,1100,1050,950,1020,1200,1300,1150,1000,800,900,920,970,900,1000,1150,500,870,880,770,700,650,500,420,475,420,300,250,500,650,750,700,415,350,420,0,0,0,0,0,0,0,0,0,0,0,0,0,0,0,0,0,0,0,0,0,0,1,0,0,0,0,0,0,0,0,0,0,0,0,0,0,831,869,0,1
7800,7.6488,0.4088,0.00096577,0.3625,0.3887,0.5,0.3625,0.2,0.3625,0.2,0.3625,0.5,7.6488,5.6613,4.4101,1.2512,1.9875,1.425,0.5625,89.631,89.629,89.629,89.629,89.629,89.629,89.63,89.63,89.63,89.63,89.63,89.63,89.63,89.629,89.629,89.629,89.63,89.63,89.63,76.488,4.088,0.0096577,3.625,3.887,5,3.625,2,3.625,2,3.625,5,76.488,56.613,44.101,12.512,19.875,14.25,5.625,700,830,920,1050,1100,1050,950,1020,1200,1300,1150,1000,800,900,920,970,900,1000,1150,500,870,880,770,700,650,500,420,475,420,300,250,500,650,750,700,415,350,420,0,0,0,0,0,0,0,0,0,0,0,0,0,0,0,0,0,0,0,0,0,0,1,0,0,0,0,0,0,0,0,0,0,0,0,0,0,831,869,0,1
8400,7.6475,0.4088,-2.5811e-07,0.3625,0.3887,0.5,0.3625,0.2,0.3625,0.2,0.3625,0.5,7.6475,5.66,4.4088,1.2512,1.9875,1.425,0.5625,89.631,89.629,89.63,89.63,89.63,89.63,89.63,89.63,89.63,89.63,89.63,89.63,89.631,89.63,89.63,89.63,89.63,89.63,89.63,76.475,4.088,-2.5811e-06,3.625,3.887,5,3.625,2,3.625,2,3.625,5,76.475,56.6,44.088,12.512,19.875,14.25,5.625,700,830,920,1050,1100,1050,950,1020,1200,1300,1150,1000,800,900,920,970,900,1000,1150,500,870,880,770,700,650,500,420,475,420,300,250,500,650,750,700,415,350,420,0,0,0,0,0,0,0,0,0,0,0,0,0,0,0,0,0,0,0,0,0,0,1,0,0,0,0,0,0,0,0,0,0,0,0,0,0,831,869,0,1
9000,7.6485,0.4088,0.00096577,0.3625,0.3887,0.5,0.3625,0.2,0.3625,0.2,0.3625,0.5,7.6485,5.661,4.4098,1.2512,1.9875,1.425,0.5625,89.631,89.629,89.629,89.63,89.63,89.63,89.63,89.63,89.63,89.63,89.63,89.63,89.63,89.63,89.629,89.63,89.63,89.63,89.63,76.485,4.088,0.0096577,3.625,3.887,5,3.625,2,3.625,2,3.625,5,76.485,56.61,44.098,12.512,19.875,14.25,5.625,700,830,920,1050,1100,1050,950,1020,1200,1300,1150,1000,800,900,920,970,900,1000,1150,500,870,880,770,700,650,500,420,475,420,300,250,500,650,750,700,415,350,420,0,0,0,0,0,0,0,0,0,0,0,0,0,0,0,0,0,0,0,0,0,0,1,0,0,0,0,0,0,0,0,0,0,0,0,0,0,831,869,0,1
9600,7.6475,0.4088,1.907e-05,0.3625,0.3887,0.5,0.3625,0.2,0.3625,0.2,0.3625,0.5,7.6475,5.66,4.4088,1.2512,1.9875,1.425,0.5625,89.631,89.629,89.63,89.63,89.63,89.63,89.63,89.63,89.63,89.63,89.63,89.63,89.631,89.63,89.63,89.63,89.63,89.63,89.63,76.475,4.088,0.0001907,3.625,3.887,5,3.625,2,3.625,2,3.625,5,76.475,56.6,44.088,12.512,19.875,14.25,5.625,700,830,920,1050,1100,1050,950,1020,1200,1300,1150,1000,800,900,920,970,900,1000,1150,500,870,880,770,700,650,500,420,475,420,300,250,500,650,750,700,415,350,420,0,0,0,0,0,0,0,0,0,0,0,0,0,0,0,0,0,0,0,0,0,0,1,0,0,0,0,0,0,0,0,0,0,0,0,0,0,831,869,0,1
10200,7.647,0.4088,-0.0005388,0.3625,0.3887,0.5,0.3625,0.2,0.3625,0.2,0.3625,0.5,7.647,5.6595,4.4083,1.2512,1.9875,1.425,0.5625,89.631,89.63,89.63,89.63,89.63,89.63,89.631,89.631,89.631,89.631,89.631,89.631,89.631,89.63,89.63,89.63,89.631,89.631,89.631,76.47,4.088,-0.005388,3.625,3.887,5,3.625,2,3.625,2,3.625,5,76.47,56.595,44.083,12.512,19.875,14.25,5.625,700,830,920,1050,1100,1050,950,1020,1200,1300,1150,1000,800,900,920,970,900,1000,1150,500,870,880,770,700,650,500,420,475,420,300,250,500,650,750,700,415,350,420,0,0,0,0,0,0,0,0,0,0,0,0,0,0,0,0,0,0,0,0,0,0,1,0,0,0,0,0,0,0,0,0,0,0,0,0,0,831,869,0,1
10800,7.9005,0.5195,0.00096577,0.3172,0.442,0.6346,0.3172,0.2,0.3172,0.2,0.3172,0.6346,7.9005,5.9143,4.5205,1.3938,1.9862,1.469,0.5172,95.78,95.778,95.778,95.778,95.778,95.778,95.779,95.779,95.779,95.779,95.779,95.779,95.779,95.778,95.778,95.778,95.779,95.779,95.779,79.005,5.195,0.0096577,3.172,4.42,6.346,3.172,2,3.172,2,3.172,6.346,79.005,59.143,45.205,13.938,19.862,14.69,5.172,700,830,920,1050,1100,1050,950,1020,1200,1300,1150,1000,800,900,920,970,900,1000,1150,500,870,880,770,700,650,500,420,475,420,300,250,500,650,750,700,415,350,420,0,0,0,0,0,0,0,0,0,0,0,0,0,0,0,0,0,0,0,0,0,0,1,0,0,0,0,0,0,0,0,0,0,0,0,0,0,831,869,0,1
11400,7.8995,0.5195,-2.5811e-07,0.3172,0.442,0.6346,0.3172,0.2,0.3172,0.2,0.3172,0.6346,7.8995,5.9133,4.5195,1.3938,1.9862,1.469,0.5172,95.78,95.778,95.779,95.779,95.779,95.779,95.779,95.779,95.779,95.779,95.779,95.779,95.779,95.779,95.779,95.779,95.779,95.779,95.779,78.995,5.195,-2.5811e-06,3.172,4.42,6.346,3.172,2,3.172,2,3.172,6.346,78.995,59.133,45.195,13.938,19.862,14.69,5.172,700,830,920,1050,1100,1050,950,1020,1200,1300,1150,1000,800,900,920,970,900,1000,1150,500,870,880,770,700,650,500,420,475,420,300,250,500,650,750,700,415,350,420,0,0,0,0,0,0,0,0,0,0,0,0,0,0,0,0,0,0,0,0,0,0,1,0,0,0,0,0,0,0,0,0,0,0,0,0,0,831,869,0,1
12000,7.9008,0.5195,0.00096577,0.3172,0.442,0.6346,0.3172,0.2,0.3172,0.2,0.3172,0.6346,7.9008,5.9146,4.5208,1.3938,1.9862,1.469,0.5172,95.779,95.778,95.778,95.778,95.778,95.778,95.779,95.779,95.779,95.779,95.779,95.779,95.779,95.778,95.778,95.778,95.779,95.779,95.779,79.008,5.195,0.0096577,3.172,4.42,6.346,3.172,2,3.172,2,3.172,6.346,79.008,59.146,45.208,13.938,19.862,14.69,5.172,700,830,920,1050,1100,1050,950,1020,1200,1300,1150,1000,800,900,920,970,900,1000,1150,500,870,880,770,700,650,500,420,475,420,300,250,500,650,750,700,415,350,420,0,0,0,0,0,0,0,0,0,0,0,0,0,0,0,0,0,0,0,0,0,0,1,0,0,0,0,0,0,0,0,0,0,0,0,0,0,831,869,0,1
12600,7.8995,0.5195,-2.5811e-07,0.3172,0.442,0.6346,0.3172,0.2,0.3172,0.2,0.3172,0.6346,7.8995,5.9133,4.5195,1.3938,1.9862,1.469,0.5172,95.78,95.778,95.779,95.779,95.779,95.779,95.779,95.779,95.779,95.779,95.779,95.779,95.779,95.779,95.779,95.779,95.779,95.779,95.779,78.995,5.195,-2.5811e-06,3.172,4.42,6.346,3.172,2,3.172,2,3.172,6.346,78.995,59.133,45.195,13.938,19.862,14.69,5.172,700,830,920,1050,1100,1050,950,1020,1200,1300,1150,1000,800,900,920,970,900,1000,1150,500,870,880,770,700,650,500,420,475,420,300,250,500,650,750,700,415,350,420,0,0,0,0,0,0,0,0,0,0,0,0,0,0,0,0,0,0,0,0,0,0,1,0,0,0,0,0,0,0,0,0,0,0,0,0,0,831,869,0,1
13200,7.9006,0.5195,0.00096577,0.3172,0.442,0.6346,0.3172,0.2,0.3172,0.2,0.3172,0.6346,7.9006,5.9144,4.5206,1.3938,1.9862,1.469,0.5172,95.78,95.778,95.778,95.778,95.778,95.778,95.779,95.779,95.779,95.779,95.779,95.779,95.779,95.778,95.778,95.778,95.779,95.779,95.779,79.006,5.195,0.0096577,3.172,4.42,6.346,3.172,2,3.172,2,3.172,6.346,79.006,59.144,45.206,13.938,19.862,14.69,5.172,700,830,920,1050,1100,1050,950,1020,1200,1300,1150,1000,800,900,920,970,900,1000,1150,500,870,880,770,700,650,500,420,475,420,300,250,500,650,750,700,415,350,420,0,0,0,0,0,0,0,0,0,0,0,0,0,0,0,0,0,0,0,0,0,0,1,0,0,0,0,0,0,0,0,0,0,0,0,0,0,831,869,0,1
13800,7.8995,0.5195,-2.5811e-07,0.3172,0.442,0.6346,0.3172,0.2,0.3172,0.2,0.3172,0.6346,7.8995,5.9133,4.5195,1.3938,1.9862,1.469,0.5172,95.78,95.778,95.779,95.779,95.779,95.779,95.779,95.779,95.779,95.779,95.779,95.779,95.779,95.779,95.779,95.779,95.779,95.779,95.779,78.995,5.195,-2.5811e-06,3.172,4.42,6.346,3.172,2,3.172,2,3.172,6.346,78.995,59.133,45.195,13.938,19.862,14.69,5.172,700,830,920,1050,1100,1050,950,1020,1200,1300,1150,1000,800,900,920,970,900,1000,1150,500,870,880,770,700,650,500,420,475,420,300,250,500,650,750,700,415,350,420,0,0,0,0,0,0,0,0,0,0,0,0,0,0,0,0,0,0,0,0,0,0,1,0,0,0,0,0,0,0,0,0,0,0,0,0,0,831,869,0,1
14400,9.1342,0.6342,0.5,0.3,0.5,0.8,0.3,0.5,0.3,0.2,0.3,0.8,9.1342,6.7342,5.1342,1.6,2.4,1.6,0.5,72.033,72.031,72.031,72.031,72.031,72.031,72.032,72.032,72.032,72.032,72.032,72.032,72.032,72.031,72.031,72.031,72.032,72.032,72.032,91.342,6.342,5,3,5,8,3,5,3,2,3,8,91.342,67.342,51.342,16,24,16,5,700,830,920,1050,1100,1050,950,1020,1200,1300,1150,1000,800,900,920,970,900,1000,1150,500,870,880,770,700,650,500,420,475,420,300,250,500,650,750,700,415,350,420,0,0,0,0,0,0,0,0,0,0,0,0,0,0,0,0,0,0,0,0,0,0,1,0,0,0,0,0,0,0,0,0,0,0,0,0,0,831,869,0,1
15000,9.1342,0.6342,0.5,0.3,0.5,0.8,0.3,0.5,0.3,0.2,0.3,0.8,9.1342,6.7342,5.1342,1.6,2.4,1.6,0.5,72.033,72.031,72.031,72.031,72.031,72.031,72.032,72.032,72.032,72.032,72.032,72.032,72.032,72.031,72.031,72.031,72.032,72.032,72.032,91.342,6.342,5,3,5,8,3,5,3,2,3,8,91.342,67.342,51.342,16,24,16,5,700,830,920,1050,1100,1050,950,1020,1200,1300,1150,1000,800,900,920,970,900,1000,1150,500,870,880,770,700,650,500,420,475,420,300,250,500,650,750,700,415,350,420,0,0,0,0,0,0,0,0,0,0,0,0,0,0,0,0,0,0,0,0,0,0,1,0,0,0,0,0,0,0,0,0,0,0,0,0,0,831,869,0,1
15600,9.1342,0.6342,0.5,0.3,0.5,0.8,0.3,0.5,0.3,0.2,0.3,0.8,9.1342,6.7342,5.1342,1.6,2.4,1.6,0.5,72.033,72.031,72.031,72.031,72.031,72.031,72.032,72.032,72.032,72.032,72.032,72.032,72.032,72.031,72.031,72.031,72.032,72.032,72.032,91.342,6.342,5,3,5,8,3,5,3,2,3,8,91.342,67.342,51.342,16,24,16,5,700,830,920,1050,1100,1050,950,1020,1200,1300,1150,1000,800,900,920,970,900,1000,1150,500,870,880,770,700,650,500,420,475,420,300,250,500,650,750,700,415,350,420,0,0,0,0,0,0,0,0,0,0,0,0,0,0,0,0,0,0,0,0,0,0,1,0,0,0,0,0,0,0,0,0,0,0,0,0,0,831,869,0,1
16200,9.1342,0.6342,0.5,0.3,0.5,0.8,0.3,0.5,0.3,0.2,0.3,0.8,9.1342,6.7342,5.1342,1.6,2.4,1.6,0.5,72.033,72.031,72.031,72.031,72.031,72.031,72.032,72.032,72.032,72.032,72.032,72.032,72.032,72.031,72.031,72.031,72.032,72.032,72.032,91.342,6.342,5,3,5,8,3,5,3,2,3,8,91.342,67.342,51.342,16,24,16,5,700,830,920,1050,1100,1050,950,1020,1200,1300,1150,1000,800,900,920,970,900,1000,1150,500,870,880,770,700,650,500,420,475,420,300,250,500,650,750,700,415,350,420,0,0,0,0,0,0,0,0,0,0,0,0,0,0,0,0,0,0,0,0,0,0,1,0,0,0,0,0,0,0,0,0,0,0,0,0,0,831,869,0,1
16800,9.1342,0.6342,0.5,0.3,0.5,0.8,0.3,0.5,0.3,0.2,0.3,0.8,9.1342,6.7342,5.1342,1.6,2.4,1.6,0.5,72.033,72.031,72.031,72.031,72.031,72.031,72.032,72.032,72.032,72.032,72.032,72.032,72.032,72.031,72.031,72.031,72.032,72.032,72.032,91.342,6.342,5,3,5,8,3,5,3,2,3,8,91.342,67.342,51.342,16,24,16,5,700,830,920,1050,1100,1050,950,1020,1200,1300,1150,1000,800,900,920,970,900,1000,1150,500,870,880,770,700,650,500,420,475,420,300,250,500,650,750,700,415,350,420,0,0,0,0,0,0,0,0,0,0,0,0,0,0,0,0,0,0,0,0,0,0,1,0,0,0,0,0,0,0,0,0,0,0,0,0,0,831,869,0,1
17400,9.1342,0.6342,0.5,0.3,0.5,0.8,0.3,0.5,0.3,0.2,0.3,0.8,9.1342,6.7342,5.1342,1.6,2.4,1.6,0.5,72.033,72.031,72.031,72.031,72.031,72.031,72.032,72.032,72.032,72.032,72.032,72.032,72.032,72.031,72.031,72.031,72.032,72.032,72.032,91.342,6.342,5,3,5,8,3,5,3,2,3,8,91.342,67.342,51.342,16,24,16,5,700,830,920,1050,1100,1050,950,1020,1200,1300,1150,1000,800,900,920,970,900,1000,1150,500,870,880,770,700,650,500,420,475,420,300,250,500,650,750,700,415,350,420,0,0,0,0,0,0,0,0,0,0,0,0,0,0,0,0,0,0,0,0,0,0,1,0,0,0,0,0,0,0,0,0,0,0,0,0,0,831,869,0,1
18000,11.02,0.7526,1,0.3,0.557,1.2052,0.3,0.8,0.3,0.3,0.3,1.2052,11.02,7.8148,5.7526,2.0622,3.2052,2.1052,0.6,30.09,30.087,30.087,30.087,30.087,30.087,30.088,30.088,30.088,30.088,30.088,30.088,30.089,30.088,30.087,30.087,30.088,30.088,30.088,110.2,7.526,10,3,5.57,12.052,3,8,3,3,3,12.052,110.2,78.148,57.526,20.622,32.052,21.052,6,700,830,920,1050,1100,1050,950,1020,1200,1300,1150,1000,800,900,920,970,900,1000,1150,500,870,880,770,700,650,500,420,475,420,300,250,500,650,750,700,415,350,420,0,0,0,0,0,0,0,0,0,0,0,0,0,0,0,0,0,0,0,0,0,0,1,0,0,0,0,0,0,0,0,0,0,0,0,0,0,831,869,0,1
18600,11.02,0.7526,1,0.3,0.557,1.2052,0.3,0.8,0.3,0.3,0.3,1.2052,11.02,7.8148,5.7526,2.0622,3.2052,2.1052,0.6,30.09,30.087,30.087,30.087,30.087,30.087,30.088,30.088,30.088,30.088,30.088,30.088,30.089,30.088,30.087,30.087,30.088,30.088,30.088,110.2,7.526,10,3,5.57,12.052,3,8,3,3,3,12.052,110.2,78.148,57.526,20.622,32.052,21.052,6,700,830,920,1050,1100,1050,950,1020,1200,1300,1150,1000,800,900,920,970,900,1000,1150,500,870,880,770,700,650,500,420,475,420,300,250,500,650,750,700,415,350,420,0,0,0,0,0,0,0,0,0,0,0,0,0,0,0,0,0,0,0,0,0,0,1,0,0,0,0,0,0,0,0,0,0,0,0,0,0,831,869,0,1
19200,11.02,0.7526,1,0.3,0.557,1.2052,0.3,0.8,0.3,0.3,0.3,1.2052,11.02,7.8148,5.7526,2.0622,3.2052,2.1052,0.6,30.09,30.087,30.087,30.087,30.087,30.087,30.088,30.088,30.088,30.088,30.088,30.088,30.089,30.088,30.087,30.087,30.088,30.088,30.088,110.2,7.526,10,3,5.57,12.052,3,8,3,3,3,12.052,110.2,78.148,57.526,20.622,32.052,21.052,6,700,830,920,1050,1100,1050,950,1020,1200,1300,1150,1000,800,900,920,970,900,1000,1150,500,870,880,770,700,650,500,420,475,420,300,250,500,650,750,700,415,350,420,0,0,0,0,0,0,0,0,0,0,0,0,0,0,0,0,0,0,0,0,0,0,1,0,0,0,0,0,0,0,0,0,0,0,0,0,0,831,869,0,1
19800,11.02,0.7526,1,0.3,0.557,1.2052,0.3,0.8,0.3,0.3,0.3,1.2052,11.02,7.8148,5.7526,2.0622,3.2052,2.1052,0.6,30.09,30.087,30.087,30.087,30.087,30.087,30.088,30.088,30.088,30.088,30.088,30.088,30.089,30.088,30.087,30.087,30.088,30.088,30.088,110.2,7.526,10,3,5.57,12.052,3,8,3,3,3,12.052,110.2,78.148,57.526,20.622,32.052,21.052,6,700,830,920,1050,1100,1050,950,1020,1200,1300,1150,1000,800,900,920,970,900,1000,1150,500,870,880,770,700,650,500,420,475,420,300,250,500,650,750,700,415,350,420,0,0,0,0,0,0,0,0,0,0,0,0,0,0,0,0,0,0,0,0,0,0,1,0,0,0,0,0,0,0,0,0,0,0,0,0,0,831,869,0,1
20400,11.02,0.7526,1,0.3,0.557,1.2052,0.3,0.8,0.3,0.3,0.3,1.2052,11.02,7.8148,5.7526,2.0622,3.2052,2.1052,0.6,30.09,30.087,30.087,30.087,30.087,30.087,30.088,30.088,30.088,30.088,30.088,30.088,30.089,30.088,30.087,30.087,30.088,30.088,30.088,110.2,7.526,10,3,5.57,12.052,3,8,3,3,3,12.052,110.2,78.148,57.526,20.622,32.052,21.052,6,700,830,920,1050,1100,1050,950,1020,1200,1300,1150,1000,800,900,920,970,900,1000,1150,500,870,880,770,700,650,500,420,475,420,300,250,500,650,750,700,415,350,420,0,0,0,0,0,0,0,0,0,0,0,0,0,0,0,0,0,0,0,0,0,0,1,0,0,0,0,0,0,0,0,0,0,0,0,0,0,831,869,0,1
21000,11.02,0.7526,1,0.3,0.557,1.2052,0.3,0.8,0.3,0.3,0.3,1.2052,11.02,7.8148,5.7526,2.0622,3.2052,2.1052,0.6,30.09,30.087,30.087,30.087,30.087,30.087,30.088,30.088,30.088,30.088,30.088,30.088,30.089,30.088,30.087,30.087,30.088,30.088,30.088,110.2,7.526,10,3,5.57,12.052,3,8,3,3,3,12.052,110.2,78.148,57.526,20.622,32.052,21.052,6,700,830,920,1050,1100,1050,950,1020,1200,1300,1150,1000,800,900,920,970,900,1000,1150,500,870,880,770,700,650,500,420,475,420,300,250,500,650,750,700,415,350,420,0,0,0,0,0,0,0,0,0,0,0,0,0,0,0,0,0,0,0,0,0,0,1,0,0,0,0,0,0,0,0,0,0,0,0,0,0,831,869,0,1
21600,12.763,0.8746,1.2,0.3,0.6169,1.7359,0.3,1,0.3,0.4,0.3,1.7359,12.763,8.7274,6.0746,2.6528,4.0359,2.7359,0.7,7.5146,7.5111,7.5115,7.5118,7.5118,7.5118,7.5129,7.5129,7.5128,7.5128,7.5128,7.5128,7.5132,7.5119,7.5115,7.5118,7.5129,7.5128,7.5128,127.63,8.746,12,3,6.169,17.359,3,10,3,4,3,17.359,127.63,87.274,60.746,26.528,40.359,27.359,7,700,830,920,1050,1100,1050,950,1020,1200,1300,1150,1000,800,900,920,970,900,1000,1150,500,870,880,770,700,650,500,420,475,420,300,250,500,650,750,700,415,350,420,0,0,0,0,0,0,0,0,0,0,0,0,0,0,0,0,0,0,0,0,0,0,1,0,0,0,0,0,0,0,0,0,0,0,0,0,0,831,869,0,1
22200,12.763,0.8746,1.2,0.3,0.6169,1.7359,0.3,1,0.3,0.4,0.3,1.7359,12.763,8.7274,6.0746,2.6528,4.0359,2.7359,0.7,7.5146,7.5111,7.5115,7.5118,7.5118,7.5118,7.5129,7.5129,7.5128,7.5128,7.5128,7.5128,7.5132,7.5119,7.5115,7.5118,7.5129,7.5128,7.5128,127.63,8.746,12,3,6.169,17.359,3,10,3,4,3,17.359,127.63,87.274,60.746,26.528,40.359,27.359,7,700,830,920,1050,1100,1050,950,1020,1200,1300,1150,1000,800,900,920,970,900,1000,1150,500,870,880,770,700,650,500,420,475,420,300,250,500,650,750,700,415,350,420,0,0,0,0,0,0,0,0,0,0,0,0,0,0,0,0,0,0,0,0,0,0,1,0,0,0,0,0,0,0,0,0,0,0,0,0,0,831,869,0,1
22800,12.763,0.8746,1.2,0.3,0.6169,1.7359,0.3,1,0.3,0.4,0.3,1.7359,12.763,8.7274,6.0746,2.6528,4.0359,2.7359,0.7,7.5146,7.5111,7.5115,7.5118,7.5118,7.5118,7.5129,7.5129,7.5128,7.5128,7.5128,7.5128,7.5132,7.5119,7.5115,7.5118,7.5129,7.5128,7.5128,127.63,8.746,12,3,6.169,17.359,3,10,3,4,3,17.359,127.63,87.274,60.746,26.528,40.359,27.359,7,700,830,920,1050,1100,1050,950,1020,1200,1300,1150,1000,800,900,920,970,900,1000,1150,500,870,880,770,700,650,500,420,475,420,300,250,500,650,750,700,415,350,420,0,0,0,0,0,0,0,0,0,0,0,0,0,0,0,0,0,0,0,0,0,0,1,0,0,0,0,0,0,0,0,0,0,0,0,0,0,831,869,0,1
23400,12.763,0.8746,1.2,0.3,0.6169,1.7359,0.3,1,0.3,0.4,0.3,1.7359,12.763,8.7274,6.0746,2.6528,4.0359,2.7359,0.7,7.5146,7.5111,7.5115,7.5118,7.5118,7.5118,7.5129,7.5129,7.5128,7.5128,7.5128,7.5128,7.5132,7.5119,7.5115,7.5118,7.5129,7.5128,7.5128,127.63,8.746,12,3,6.169,17.359,3,10,3,4,3,17.359,127.63,87.274,60.746,26.528,40.359,27.359,7,700,830,920,1050,1100,1050,950,1020,1200,1300,1150,1000,800,900,920,970,900,1000,1150,500,870,880,770,700,650,500,420,475,420,300,250,500,650,750,700,415,350,420,0,0,0,0,0,0,0,0,0,0,0,0,0,0,0,0,0,0,0,0,0,0,1,0,0,0,0,0,0,0,0,0,0,0,0,0,0,831,869,0,1
24000,12.763,0.8746,1.2,0.3,0.6169,1.7359,0.3,1,0.3,0.4,0.3,1.7359,12.763,8.7274,6.0746,2.6528,4.0359,2.7359,0.7,7.5146,7.5111,7.5115,7.5118,7.5118,7.5118,7.5129,7.5129,7.5128,7.5128,7.5128,7.5128,7.5132,7.5119,7.5115,7.5118,7.5129,7.5128,7.5128,127.63,8.746,12,3,6.169,17.359,3,10,3,4,3,17.359,127.63,87.274,60.746,26.528,40.359,27.359,7,700,830,920,1050,1100,1050,950,1020,1200,1300,1150,1000,800,900,920,970,900,1000,1150,500,870,880,770,700,650,500,420,475,420,300,250,500,650,750,700,415,350,420,0,0,0,0,0,0,0,0,0,0,0,0,0,0,0,0,0,0,0,0,0,0,1,0,0,0,0,0,0,0,0,0,0,0,0,0,0,831,869,0,1
24600,12.763,0.8746,1.2,0.3,0.6169,1.7359,0.3,1,0.3,0.4,0.3,1.7359,12.763,8.7274,6.0746,2.6528,4.0359,2.7359,0.7,7.5146,7.5111,7.5115,7.5118,7.5118,7.5118,7.5129,7.5129,7.5128,7.5128,7.5128,7.5128,7.5132,7.5119,7.5115,7.5118,7.5129,7.5128,7.5128,127.63,8.746,12,3,6.169,17.359,3,10,3,4,3,17.359,127.63,87.274,60.746,26.528,40.359,27.359,7,700,830,920,1050,1100,1050,950,1020,1200,1300,1150,1000,800,900,920,970,900,1000,1150,500,870,880,770,700,650,500,420,475,420,300,250,500,650,750,700,415,350,420,0,0,0,0,0,0,0,0,0,0,0,0,0,0,0,0,0,0,0,0,0,0,1,0,0,0,0,0,0,0,0,0,0,0,0,0,0,831,869,0,1
25200,14.293,1,1.4,0.3,0.6934,2,0.3,1.5,0.3,0.5,0.3,2,14.293,9.3934,6.4,2.9934,4.9,3.1,0.8,26.206,26.202,26.203,26.203,26.203,26.203,26.204,26.204,26.204,26.204,26.204,26.204,26.205,26.203,26.203,26.203,26.204,26.204,26.204,142.93,10,14,3,6.934,20,3,15,3,5,3,20,142.93,93.934,64,29.934,49,31,8,700,830,920,1050,1100,1050,950,1020,1200,1300,1150,1000,800,900,920,970,900,1000,1150,500,870,880,770,700,650,500,420,475,420,300,250,500,650,750,700,415,350,420,0,0,0,0,0,0,0,0,0,0,0,0,0,0,0,0,0,0,0,0,0,0,1,0,0,0,0,0,0,0,0,0,0,0,0,0,0,831,869,0,1
25800,14.293,1,1.4,0.3,0.6934,2,0.3,1.5,0.3,0.5,0.3,2,14.293,9.3934,6.4,2.9934,4.9,3.1,0.8,26.206,26.202,26.203,26.203,26.203,26.203,26.204,26.204,26.204,26.204,26.204,26.204,26.205,26.203,26.203,26.203,26.204,26.204,26.204,142.93,10,14,3,6.934,20,3,15,3,5,3,20,142.93,93.934,64,29.934,49,31,8,700,830,920,1050,1100,1050,950,1020,1200,1300,1150,1000,800,900,920,970,900,1000,1150,500,870,880,770,700,650,500,420,475,420,300,250,500,650,750,700,415,350,420,0,0,0,0,0,0,0,0,0,0,0,0,0,0,0,0,0,0,0,0,0,0,1,0,0,0,0,0,0,0,0,0,0,0,0,0,0,831,869,0,1
26400,14.293,1,1.4,0.3,0.6934,2,0.3,1.5,0.3,0.5,0.3,2,14.293,9.3934,6.4,2.9934,4.9,3.1,0.8,26.206,26.202,26.203,26.203,26.203,26.203,26.204,26.204,26.204,26.204,26.204,26.204,26.205,26.203,26.203,26.203,26.204,26.204,26.204,142.93,10,14,3,6.934,20,3,15,3,5,3,20,142.93,93.934,64,29.934,49,31,8,700,830,920,1050,1100,1050,950,1020,1200,1300,1150,1000,800,900,920,970,900,1000,1150,500,870,880,770,700,650,500,420,475,420,300,250,500,650,750,700,415,350,420,0,0,0,0,0,0,0,0,0,0,0,0,0,0,0,0,0,0,0,0,0,0,1,0,0,0,0,0,0,0,0,0,0,0,0,0,0,831,869,0,1
27000,14.293,1,1.4,0.3,0.6934,2,0.3,1.5,0.3,0.5,0.3,2,14.293,9.3934,6.4,2.9934,4.9,3.1,0.8,26.206,26.202,26.203,26.203,26.203,26.203,26.204,26.204,26.204,26.204,26.204,26.204,26.205,26.203,26.203,26.203,26.204,26.204,26.204,142.93,10,14,3,6.934,20,3,15,3,5,3,20,142.93,93.934,64,29.934,49,31,8,700,830,920,1050,1100,1050,950,1020,1200,1300,1150,1000,800,900,920,970,900,1000,1150,500,870,880,770,700,650,500,420,475,420,300,250,500,650,750,700,415,350,420,0,0,0,0,0,0,0,0,0,0,0,0,0,0,0,0,0,0,0,0,0,0,1,0,0,0,0,0,0,0,0,0,0,0,0,0,0,831,869,0,1
27600,14.293,1,1.4,0.3,0.6934,2,0.3,1.5,0.3,0.5,0.3,2,14.293,9.3934,6.4,2.9934,4.9,3.1,0.8,26.206,26.202,26.203,26.203,26.203,26.203,26.204,26.204,26.204,26.204,26.204,26.204,26.205,26.203,26.203,26.203,26.204,26.204,26.204,142.93,10,14,3,6.934,20,3,15,3,5,3,20,142.93,93.934,64,29.934,49,31,8,700,830,920,1050,1100,1050,950,1020,1200,1300,1150,1000,800,900,920,970,900,1000,1150,500,870,880,770,700,650,500,420,475,420,300,250,500,650,750,700,415,350,420,0,0,0,0,0,0,0,0,0,0,0,0,0,0,0,0,0,0,0,0,0,0,1,0,0,0,0,0,0,0,0,0,0,0,0,0,0,831,869,0,1
28200,14.293,1,1.4,0.3,0.6934,2,0.3,1.5,0.3,0.5,0.3,2,14.293,9.3934,6.4,2.9934,4.9,3.1,0.8,26.206,26.202,26.203,26.203,26.203,26.203,26.204,26.204,26.204,26.204,26.204,26.204,26.205,26.203,26.203,26.203,26.204,26.204,26.204,142.93,10,14,3,6.934,20,3,15,3,5,3,20,142.93,93.934,64,29.934,49,31,8,700,830,920,1050,1100,1050,950,1020,1200,1300,1150,1000,800,900,920,970,900,1000,1150,500,870,880,770,700,650,500,420,475,420,300,250,500,650,750,700,415,350,420,0,0,0,0,0,0,0,0,0,0,0,0,0,0,0,0,0,0,0,0,0,0,1,0,0,0,0,0,0,0,0,0,0,0,0,0,0,831,869,0,1
28800,15.33,1.1487,1.8,0.3,0.8,1.8904,0.3,2,0.3,0.6,0.3,1.8904,15.33,9.9391,6.9487,2.9904,5.3904,3.0904,0.9,61.155,61.151,61.151,61.151,61.151,61.151,61.153,61.153,61.153,61.153,61.153,61.153,61.153,61.152,61.151,61.151,61.153,61.153,61.153,153.3,11.487,18,3,8,18.904,3,20,3,6,3,18.904,153.3,99.391,69.487,29.904,53.904,30.904,9,700,830,920,1050,1100,1050,950,1020,1200,1300,1150,1000,800,900,920,970,900,1000,1150,500,870,880,770,700,650,500,420,475,420,300,250,500,650,750,700,415,350,420,0,0,0,0,0,0,0,0,0,0,0,0,0,0,0,0,0,0,0,0,0,0,1,0,0,0,0,0,0,0,0,0,0,0,0,0,0,831,869,0,1
29400,15.33,1.1487,1.8,0.3,0.8,1.8904,0.3,2,0.3,0.6,0.3,1.8904,15.33,9.9391,6.9487,2.9904,5.3904,3.0904,0.9,61.155,61.151,61.151,61.151,61.151,61.151,61.153,61.153,61.153,61.153,61.153,61.153,61.153,61.152,61.151,61.151,61.153,61.153,61.153,153.3,11.487,18,3,8,18.904,3,20,3,6,3,18.904,153.3,99.391,69.487,29.904,53.904,30.904,9,700,830,920,1050,1100,1050,950,1020,1200,1300,1150,1000,800,900,920,970,900,1000,1150,500,870,880,770,700,650,500,420,475,420,300,250,500,650,750,700,415,350,420,0,0,0,0,0,0,0,0,0,0,0,0,0,0,0,0,0,0,0,0,0,0,1,0,0,0,0,0,0,0,0,0,0,0,0,0,0,831,869,0,1
30000,15.33,1.1487,1.8,0.3,0.8,1.8904,0.3,2,0.3,0.6,0.3,1.8904,15.33,9.9391,6.9487,2.9904,5.3904,3.0904,0.9,61.155,61.151,61.151,61.151,61.151,61.151,61.153,61.153,61.153,61.153,61.153,61.153,61.153,61.152,61.151,61.151,61.153,61.153,61.153,153.3,11.487,18,3,8,18.904,3,20,3,6,3,18.904,153.3,99.391,69.487,29.904,53.904,30.904,9,700,830,920,1050,1100,1050,950,1020,1200,1300,1150,1000,800,900,920,970,900,1000,1150,500,870,880,770,700,650,500,420,475,420,300,250,500,650,750,700,415,350,420,0,0,0,0,0,0,0,0,0,0,0,0,0,0,0,0,0,0,0,0,0,0,1,0,0,0,0,0,0,0,0,0,0,0,0,0,0,831,869,0,1
30600,15.33,1.1487,1.8,0.3,0.8,1.8904,0.3,2,0.3,0.6,0.3,1.8904,15.33,9.9391,6.9487,2.9904,5.3904,3.0904,0.9,61.155,61.151,61.151,61.151,61.151,61.151,61.153,61.153,61.153,61.153,61.153,61.153,61.153,61.152,61.151,61.151,61.153,61.153,61.153,153.3,11.487,18,3,8,18.904,3,20,3,6,3,18.904,153.3,99.391,69.487,29.904,53.904,30.904,9,700,830,920,1050,1100,1050,950,1020,1200,1300,1150,1000,800,900,920,970,900,1000,1150,500,870,880,770,700,650,500,420,475,420,300,250,500,650,750,700,415,350,420,0,0,0,0,0,0,0,0,0,0,0,0,0,0,0,0,0,0,0,0,0,0,1,0,0,0,0,0,0,0,0,0,0,0,0,0,0,831,869,0,1
31200,15.33,1.1487,1.8,0.3,0.8,1.8904,0.3,2,0.3,0.6,0.3,1.8904,15.33,9.9391,6.9487,2.9904,5.3904,3.0904,0.9,61.155,61.151,61.151,61.151,61.151,61.151,61.153,61.153,61.153,61.153,61.153,61.153,61.153,61.152,61.151,61.151,61.153,61.153,61.153,153.3,11.487,18,3,8,18.904,3,20,3,6,3,18.904,153.3,99.391,69.487,29.904,53.904,30.904,9,700,830,920,1050,1100,1050,950,1020,1200,1300,1150,1000,800,900,920,970,900,1000,1150,500,870,880,770,700,650,500,420,475,420,300,250,500,650,750,700,415,350,420,0,0,0,0,0,0,0,0,0,0,0,0,0,0,0,0,0,0,0,0,0,0,1,0,0,0,0,0,0,0,0,0,0,0,0,0,0,831,869,0,1
31800,15.33,1.1487,1.8,0.3,0.8,1.8904,0.3,2,0.3,0.6,0.3,1.8904,15.33,9.9391,6.9487,2.9904,5.3904,3.0904,0.9,61.155,61.151,61.151,61.151,61.151,61.151,61.153,61.153,61.153,61.153,61.153,61.153,61.153,61.152,61.151,61.151,61.153,61.153,61.153,153.3,11.487,18,3,8,18.904,3,20,3,6,3,18.904,153.3,99.391,69.487,29.904,53.904,30.904,9,700,830,920,1050,1100,1050,950,1020,1200,1300,1150,1000,800,900,920,970,900,1000,1150,500,870,880,770,700,650,500,420,475,420,300,250,500,650,750,700,415,350,420,0,0,0,0,0,0,0,0,0,0,0,0,0,0,0,0,0,0,0,0,0,0,1,0,0,0,0,0,0,0,0,0,0,0,0,0,0,831,869,0,1
32400,16.271,1.3278,1.2,0.7407,1.1154,1.6327,0.7407,1.8,0.7407,0.6,0.7407,1.6327,16.271,10.017,6.5278,3.4888,6.2548,3.7141,1.3407,80.847,80.842,80.842,80.843,80.843,80.843,80.844,80.844,80.844,80.844,80.844,80.844,80.845,80.843,80.843,80.843,80.844,80.844,80.844,162.71,13.278,12,7.407,11.154,16.327,7.407,18,7.407,6,7.407,16.327,162.71,100.17,65.278,34.888,62.548,37.141,13.407,700,830,920,1050,1100,1050,950,1020,1200,1300,1150,1000,800,900,920,970,900,1000,1150,500,870,880,770,700,650,500,420,475,420,300,250,500,650,750,700,415,350,420,0,0,0,0,0,0,0,0,0,0,0,0,0,0,0,0,0,0,0,0,0,0,1,0,0,0,0,0,0,0,0,0,0,0,0,0,0,831,869,0,1
33000,16.271,1.3278,1.2,0.7407,1.1154,1.6327,0.7407,1.8,0.7407,0.6,0.7407,1.6327,16.271,10.017,6.5278,3.4888,6.2548,3.7141,1.3407,80.847,80.842,80.842,80.843,80.843,80.843,80.844,80.844,80.844,80.844,80.844,80.844,80.845,80.843,80.843,80.843,80.844,80.844,80.844,162.71,13.278,12,7.407,11.154,16.327,7.407,18,7.407,6,7.407,16.327,162.71,100.17,65.278,34.888,62.548,37.141,13.407,700,830,920,1050,1100,1050,950,1020,1200,1300,1150,1000,800,900,920,970,900,1000,1150,500,870,880,770,700,650,500,420,475,420,300,250,500,650,750,700,415,350,420,0,0,0,0,0,0,0,0,0,0,0,0,0,0,0,0,0,0,0,0,0,0,1,0,0,0,0,0,0,0,0,0,0,0,0,0,0,831,869,0,1
33600,16.271,1.3278,1.2,0.7407,1.1154,1.6327,0.7407,1.8,0.7407,0.6,0.7407,1.6327,16.271,10.017,6.5278,3.4888,6.2548,3.7141,1.3407,80.847,80.842,80.842,80.843,80.843,80.843,80.844,80.844,80.844,80.844,80.844,80.844,80.845,80.843,80.843,80.843,80.844,80.844,80.844,162.71,13.278,12,7.407,11.154,16.327,7.407,18,7.407,6,7.407,16.327,162.71,100.17,65.278,34.888,62.548,37.141,13.407,700,830,920,1050,1100,1050,950,1020,1200,1300,1150,1000,800,900,920,970,900,1000,1150,500,870,880,770,700,650,500,420,475,420,300,250,500,650,750,700,415,350,420,0,0,0,0,0,0,0,0,0,0,0,0,0,0,0,0,0,0,0,0,0,0,1,0,0,0,0,0,0,0,0,0,0,0,0,0,0,831,869,0,1
34200,16.271,1.3278,1.2,0.7407,1.1154,1.6327,0.7407,1.8,0.7407,0.6,0.7407,1.6327,16.271,10.017,6.5278,3.4888,6.2548,3.7141,1.3407,80.847,80.842,80.842,80.843,80.843,80.843,80.844,80.844,80.844,80.844,80.844,80.844,80.845,80.843,80.843,80.843,80.844,80.844,80.844,162.71,13.278,12,7.407,11.154,16.327,7.407,18,7.407,6,7.407,16.327,162.71,100.17,65.278,34.888,62.548,37.141,13.407,700,830,920,1050,1100,1050,950,1020,1200,1300,1150,1000,800,900,920,970,900,1000,1150,500,870,880,770,700,650,500,420,475,420,300,250,500,650,750,700,415,350,420,0,0,0,0,0,0,0,0,0,0,0,0,0,0,0,0,0,0,0,0,0,0,1,0,0,0,0,0,0,0,0,0,0,0,0,0,0,831,869,0,1
34800,16.271,1.3278,1.2,0.7407,1.1154,1.6327,0.7407,1.8,0.7407,0.6,0.7407,1.6327,16.271,10.017,6.5278,3.4888,6.2548,3.7141,1.3407,80.847,80.842,80.842,80.843,80.843,80.843,80.844,80.844,80.844,80.844,80.844,80.844,80.845,80.843,80.843,80.843,80.844,80.844,80.844,162.71,13.278,12,7.407,11.154,16.327,7.407,18,7.407,6,7.407,16.327,162.71,100.17,65.278,34.888,62.548,37.141,13.407,700,830,920,1050,1100,1050,950,1020,1200,1300,1150,1000,800,900,920,970,900,1000,1150,500,870,880,770,700,650,500,420,475,420,300,250,500,650,750,700,415,350,420,0,0,0,0,0,0,0,0,0,0,0,0,0,0,0,0,0,0,0,0,0,0,1,0,0,0,0,0,0,0,0,0,0,0,0,0,0,831,869,0,1
35400,16.271,1.3278,1.2,0.7407,1.1154,1.6327,0.7407,1.8,0.7407,0.6,0.7407,1.6327,16.271,10.017,6.5278,3.4888,6.2548,3.7141,1.3407,80.847,80.842,80.842,80.843,80.843,80.843,80.844,80.844,80.844,80.844,80.844,80.844,80.845,80.843,80.843,80.843,80.844,80.844,80.844,162.71,13.278,12,7.407,11.154,16.327,7.407,18,7.407,6,7.407,16.327,162.71,100.17,65.278,34.888,62.548,37.141,13.407,700,830,920,1050,1100,1050,950,1020,1200,1300,1150,1000,800,900,920,970,900,1000,1150,500,870,880,770,700,650,500,420,475,420,300,250,500,650,750,700,415,350,420,0,0,0,0,0,0,0,0,0,0,0,0,0,0,0,0,0,0,0,0,0,0,1,0,0,0,0,0,0,0,0,0,0,0,0,0,0,831,869,0,1
36000,19.391,1.518,1,1.5593,1.5688,1.3337,1.5593,1.6,1.5593,0.8,1.5593,1.3337,19.391,10.98,6.518,4.4618,8.4116,5.2523,2.3593,77.966,77.959,77.96,77.96,77.96,77.96,77.961,77.961,77.961,77.961,77.961,77.961,77.962,77.96,77.96,77.96,77.961,77.961,77.961,193.91,15.18,10,15.593,15.688,13.337,15.593,16,15.593,8,15.593,13.337,193.91,109.8,65.18,44.618,84.116,52.523,23.593,700,830,920,1050,1100,1050,950,1020,1200,1300,1150,1000,800,900,920,970,900,1000,1150,500,870,880,770,700,650,500,420,475,420,300,250,500,650,750,700,415,350,420,0,0,0,0,0,0,0,0,0,0,0,0,0,0,0,0,0,0,0,0,0,0,1,0,0,0,0,0,0,0,0,0,0,0,0,0,0,831,869,0,1
36600,19.391,1.518,1,1.5593,1.5688,1.3337,1.5593,1.6,1.5593,0.8,1.5593,1.3337,19.391,10.98,6.518,4.4618,8.4116,5.2523,2.3593,77.966,77.959,77.96,77.96,77.96,77.96,77.961,77.961,77.961,77.961,77.961,77.961,77.962,77.96,77.96,77.96,77.961,77.961,77.961,193.91,15.18,10,15.593,15.688,13.337,15.593,16,15.593,8,15.593,13.337,193.91,109.8,65.18,44.618,84.116,52.523,23.593,700,830,920,1050,1100,1050,950,1020,1200,1300,1150,1000,800,900,920,970,900,1000,1150,500,870,880,770,700,650,500,420,475,420,300,250,500,650,750,700,415,350,420,0,0,0,0,0,0,0,0,0,0,0,0,0,0,0,0,0,0,0,0,0,0,1,0,0,0,0,0,0,0,0,0,0,0,0,0,0,831,869,0,1
37200,19.391,1.518,1,1.5593,1.5688,1.3337,1.5593,1.6,1.5593,0.8,1.5593,1.3337,19.391,10.98,6.518,4.4618,8.4116,5.2523,2.3593,77.966,77.959,77.96,77.96,77.96,77.96,77.961,77.961,77.961,77.961,77.961,77.961,77.962,77.96,77.96,77.96,77.961,77.961,77.961,193.91,15.18,10,15.593,15.688,13.337,15.593,16,15.593,8,15.593,13.337,193.91,109.8,65.18,44.618,84.116,52.523,23.593,700,830,920,1050,1100,1050,950,1020,1200,1300,1150,1000,800,900,920,970,900,1000,1150,500,870,880,770,700,650,500,420,475,420,300,250,500,650,750,700,415,350,420,0,0,0,0,0,0,0,0,0,0,0,0,0,0,0,0,0,0,0,0,0,0,1,0,0,0,0,0,0,0,0,0,0,0,0,0,0,831,869,0,1
37800,19.391,1.518,1,1.5593,1.5688,1.3337,1.5593,1.6,1.5593,0.8,1.5593,1.3337,19.391,10.98,6.518,4.4618,8.4116,5.2523,2.3593,77.966,77.959,77.96,77.96,77.96,77.96,77.961,77.961,77.961,77.961,77.961,77.961,77.962,77.96,77.96,77.96,77.961,77.961,77.961,193.91,15.18,10,15.593,15.688,13.337,15.593,16,15.593,8,15.593,13.337,193.91,109.8,65.18,44.618,84.116,52.523,23.593,700,830,920,1050,1100,1050,950,1020,1200,1300,1150,1000,800,900,920,970,900,1000,1150,500,870,880,770,700,650,500,420,475,420,300,250,500,650,750,700,415,350,420,0,0,0,0,0,0,0,0,0,0,0,0,0,0,0,0,0,0,0,0,0,0,1,0,0,0,0,0,0,0,0,0,0,0,0,0,0,831,869,0,1
38400,19.391,1.518,1,1.5593,1.5688,1.3337,1.5593,1.6,1.5593,0.8,1.5593,1.3337,19.391,10.98,6.518,4.4618,8.4116,5.2523,2.3593,77.966,77.959,77.96,77.96,77.96,77.96,77.961,77.961,77.961,77.961,77.961,77.961,77.962,77.96,77.96,77.96,77.961,77.961,77.961,193.91,15.18,10,15.593,15.688,13.337,15.593,16,15.593,8,15.593,13.337,193.91,109.8,65.18,44.618,84.116,52.523,23.593,700,830,920,1050,1100,1050,950,1020,1200,1300,1150,1000,800,900,920,970,900,1000,1150,500,870,880,770,700,650,500,420,475,420,300,250,500,650,750,700,415,350,420,0,0,0,0,0,0,0,0,0,0,0,0,0,0,0,0,0,0,0,0,0,0,1,0,0,0,0,0,0,0,0,0,0,0,0,0,0,831,869,0,1
39000,19.391,1.518,1,1.5593,1.5688,1.3337,1.5593,1.6,1.5593,0.8,1.5593,1.3337,19.391,10.98,6.518,4.4618,8.4116,5.2523,2.3593,77.966,77.959,77.96,77.96,77.96,77.96,77.961,77.961,77.961,77.961,77.961,77.961,77.962,77.96,77.96,77.96,77.961,77.961,77.961,193.91,15.18,10,15.593,15.688,13.337,15.593,16,15.593,8,15.593,13.337,193.91,109.8,65.18,44.618,84.116,52.523,23.593,700,830,920,1050,1100,1050,950,1020,1200,1300,1150,1000,800,900,920,970,900,1000,1150,500,870,880,770,700,650,500,420,475,420,300,250,500,650,750,700,415,350,420,0,0,0,0,0,0,0,0,0,0,0,0,0,0,0,0,0,0,0,0,0,0,1,0,0,0,0,0,0,0,0,0,0,0,0,0,0,831,869,0,1
39600,21.7,1.6997,1,2,1.8,1.1,2,2,2,1,2,1.1,21.7,11.6,6.6997,4.9,10.1,6.1,3,72.255,72.248,72.249,72.249,72.249,72.249,72.25,72.25,72.25,72.25,72.25,72.25,72.251,72.249,72.249,72.249,72.25,72.25,72.25,217,16.997,10,20,18,11,20,20,20,10,20,11,217,116,66.997,49,101,61,30,700,830,920,1050,1100,1050,950,1020,1200,1300,1150,1000,800,900,920,970,900,1000,1150,500,870,880,770,700,650,500,420,475,420,300,250,500,650,750,700,415,350,420,0,0,0,0,0,0,0,0,0,0,0,0,0,0,0,0,0,0,0,0,0,0,1,0,0,0,0,0,0,0,0,0,0,0,0,0,0,831,869,0,1
40200,21.7,1.6997,1,2,1.8,1.1,2,2,2,1,2,1.1,21.7,11.6,6.6997,4.9,10.1,6.1,3,72.255,72.248,72.249,72.249,72.249,72.249,72.25,72.25,72.25,72.25,72.25,72.25,72.251,72.249,72.249,72.249,72.25,72.25,72.25,217,16.997,10,20,18,11,20,20,20,10,20,11,217,116,66.997,49,101,61,30,700,830,920,1050,1100,1050,950,1020,1200,1300,1150,1000,800,900,920,970,900,1000,1150,500,870,880,770,700,650,500,420,475,420,300,250,500,650,750,700,415,350,420,0,0,0,0,0,0,0,0,0,0,0,0,0,0,0,0,0,0,0,0,0,0,1,0,0,0,0,0,0,0,0,0,0,0,0,0,0,831,869,0,1
40800,21.7,1.6997,1,2,1.8,1.1,2,2,2,1,2,1.1,21.7,11.6,6.6997,4.9,10.1,6.1,3,72.255,72.248,72.249,72.249,72.249,72.249,72.25,72.25,72.25,72.25,72.25,72.25,72.251,72.249,72.249,72.249,72.25,72.25,72.25,217,16.997,10,20,18,11,20,20,20,10,20,11,217,116,66.997,49,101,61,30,700,830,920,1050,1100,1050,950,1020,1200,1300,1150,1000,800,900,920,970,900,1000,1150,500,870,880,770,700,650,500,420,475,420,300,250,500,650,750,700,415,350,420,0,0,0,0,0,0,0,0,0,0,0,0,0,0,0,0,0,0,0,0,0,0,1,0,0,0,0,0,0,0,0,0,0,0,0,0,0,831,869,0,1
41400,21.7,1.6997,1,2,1.8,1.1,2,2,2,1,2,1.1,21.7,11.6,6.6997,4.9,10.1,6.1,3,72.255,72.248,72.249,72.249,72.249,72.249,72.25,72.25,72.25,72.25,72.25,72.25,72.251,72.249,72.249,72.249,72.25,72.25,72.25,217,16.997,10,20,18,11,20,20,20,10,20,11,217,116,66.997,49,101,61,30,700,830,920,1050,1100,1050,950,1020,1200,1300,1150,1000,800,900,920,970,900,1000,1150,500,870,880,770,700,650,500,420,475,420,300,250,500,650,750,700,415,350,420,0,0,0,0,0,0,0,0,0,0,0,0,0,0,0,0,0,0,0,0,0,0,1,0,0,0,0,0,0,0,0,0,0,0,0,0,0,831,869,0,1
42000,21.7,1.6997,1,2,1.8,1.1,2,2,2,1,2,1.1,21.7,11.6,6.6997,4.9,10.1,6.1,3,72.255,72.248,72.249,72.249,72.249,72.249,72.25,72.25,72.25,72.25,72.25,72.25,72.251,72.249,72.249,72.249,72.25,72.25,72.25,217,16.997,10,20,18,11,20,20,20,10,20,11,217,116,66.997,49,101,61,30,700,830,920,1050,1100,1050,950,1020,1200,1300,1150,1000,800,900,920,970,900,1000,1150,500,870,880,770,700,650,500,420,475,420,300,250,500,650,750,700,415,350,420,0,0,0,0,0,0,0,0,0,0,0,0,0,0,0,0,0,0,0,0,0,0,1,0,0,0,0,0,0,0,0,0,0,0,0,0,0,831,869,0,1
42600,21.7,1.6997,1,2,1.8,1.1,2,2,2,1,2,1.1,21.7,11.6,6.6997,4.9,10.1,6.1,3,72.255,72.248,72.249,72.249,72.249,72.249,72.25,72.25,72.25,72.25,72.25,72.25,72.251,72.249,72.249,72.249,72.25,72.25,72.25,217,16.997,10,20,18,11,20,20,20,10,20,11,217,116,66.997,49,101,61,30,700,830,920,1050,1100,1050,950,1020,1200,1300,1150,1000,800,900,920,970,900,1000,1150,500,870,880,770,700,650,500,420,475,420,300,250,500,650,750,700,415,350,420,0,0,0,0,0,0,0,0,0,0,0,0,0,0,0,0,0,0,0,0,0,0,1,0,0,0,0,0,0,0,0,0,0,0,0,0,0,831,869,0,1
43200,21.618,1.8536,1.5,1.8704,1.7373,0.9228,1.8704,2.2,1.8704,1,1.8704,0.9228,21.618,11.884,7.3536,4.5305,9.734,5.6636,2.8704,67.787,67.78,67.78,67.78,67.78,67.78,67.782,67.782,67.781,67.781,67.781,67.781,67.783,67.781,67.78,67.78,67.782,67.781,67.781,216.18,18.536,15,18.704,17.373,9.228,18.704,22,18.704,10,18.704,9.228,216.18,118.84,73.536,45.305,97.34,56.636,28.704,700,830,920,1050,1100,1050,950,1020,1200,1300,1150,1000,800,900,920,970,900,1000,1150,500,870,880,770,700,650,500,420,475,420,300,250,500,650,750,700,415,350,420,0,0,0,0,0,0,0,0,0,0,0,0,0,0,0,0,0,0,0,0,0,0,1,0,0,0,0,0,0,0,0,0,0,0,0,0,0,831,869,0,1
43800,21.618,1.8536,1.5,1.8704,1.7373,0.9228,1.8704,2.2,1.8704,1,1.8704,0.9228,21.618,11.884,7.3536,4.5305,9.734,5.6636,2.8704,67.787,67.78,67.78,67.78,67.78,67.78,67.782,67.782,67.781,67.781,67.781,67.781,67.783,67.781,67.78,67.78,67.782,67.781,67.781,216.18,18.536,15,18.704,17.373,9.228,18.704,22,18.704,10,18.704,9.228,216.18,118.84,73.536,45.305,97.34,56.636,28.704,700,830,920,1050,1100,1050,950,1020,1200,1300,1150,1000,800,900,920,970,900,1000,1150,500,870,880,770,700,650,500,420,475,420,300,250,500,650,750,700,415,350,420,0,0,0,0,0,0,0,0,0,0,0,0,0,0,0,0,0,0,0,0,0,0,1,0,0,0,0,0,0,0,0,0,0,0,0,0,0,831,869,0,1
44400,21.618,1.8536,1.5,1.8704,1.7373,0.9228,1.8704,2.2,1.8704,1,1.8704,0.9228,21.618,11.884,7.3536,4.5305,9.734,5.6636,2.8704,67.787,67.78,67.78,67.78,67.78,67.78,67.782,67.782,67.781,67.781,67.781,67.781,67.783,67.781,67.78,67.78,67.782,67.781,67.781,216.18,18.536,15,18.704,17.373,9.228,18.704,22,18.704,10,18.704,9.228,216.18,118.84,73.536,45.305,97.34,56.636,28.704,700,830,920,1050,1100,1050,950,1020,1200,1300,1150,1000,800,900,920,970,900,1000,1150,500,870,880,770,700,650,500,420,475,420,300,250,500,650,750,700,415,350,420,0,0,0,0,0,0,0,0,0,0,0,0,0,0,0,0,0,0,0,0,0,0,1,0,0,0,0,0,0,0,0,0,0,0,0,0,0,831,869,0,1
45000,21.618,1.8536,1.5,1.8704,1.7373,0.9228,1.8704,2.2,1.8704,1,1.8704,0.9228,21.618,11.884,7.3536,4.5305,9.734,5.6636,2.8704,67.787,67.78,67.78,67.78,67.78,67.78,67.782,67.782,67.781,67.781,67.781,67.781,67.783,67.781,67.78,67.78,67.782,67.781,67.781,216.18,18.536,15,18.704,17.373,9.228,18.704,22,18.704,10,18.704,9.228,216.18,118.84,73.536,45.305,97.34,56.636,28.704,700,830,920,1050,1100,1050,950,1020,1200,1300,1150,1000,800,900,920,970,900,1000,1150,500,870,880,770,700,650,500,420,475,420,300,250,500,650,750,700,415,350,420,0,0,0,0,0,0,0,0,0,0,0,0,0,0,0,0,0,0,0,0,0,0,1,0,0,0,0,0,0,0,0,0,0,0,0,0,0,831,869,0,1
45600,21.618,1.8536,1.5,1.8704,1.7373,0.9228,1.8704,2.2,1.8704,1,1.8704,0.9228,21.618,11.884,7.3536,4.5305,9.734,5.6636,2.8704,67.787,67.78,67.78,67.78,67.78,67.78,67.782,67.782,67.781,67.781,67.781,67.781,67.783,67.781,67.78,67.78,67.782,67.781,67.781,216.18,18.536,15,18.704,17.373,9.228,18.704,22,18.704,10,18.704,9.228,216.18,118.84,73.536,45.305,97.34,56.636,28.704,700,830,920,1050,1100,1050,950,1020,1200,1300,1150,1000,800,900,920,970,900,1000,1150,500,870,880,770,700,650,500,420,475,420,300,250,500,650,750,700,415,350,420,0,0,0,0,0,0,0,0,0,0,0,0,0,0,0,0,0,0,0,0,0,0,1,0,0,0,0,0,0,0,0,0,0,0,0,0,0,831,869,0,1
46200,21.618,1.8536,1.5,1.8704,1.7373,0.9228,1.8704,2.2,1.8704,1,1.8704,0.9228,21.618,11.884,7.3536,4.5305,9.734,5.6636,2.8704,67.787,67.78,67.78,67.78,67.78,67.78,67.782,67.782,67.781,67.781,67.781,67.781,67.783,67.781,67.78,67.78,67.782,67.781,67.781,216.18,18.536,15,18.704,17.373,9.228,18.704,22,18.704,10,18.704,9.228,216.18,118.84,73.536,45.305,97.34,56.636,28.704,700,830,920,1050,1100,1050,950,1020,1200,1300,1150,1000,800,900,920,970,900,1000,1150,500,870,880,770,700,650,500,420,475,420,300,250,500,650,750,700,415,350,420,0,0,0,0,0,0,0,0,0,0,0,0,0,0,0,0,0,0,0,0,0,0,1,0,0,0,0,0,0,0,0,0,0,0,0,0,0,831,869,0,1
46800,20.22,1.9602,1.8,1.6296,1.6079,0.7669,1.6296,1.8,1.6296,1,1.6296,0.7669,20.22,11.765,7.7602,4.0044,8.4557,5.0261,2.6296,69.817,69.81,69.811,69.811,69.811,69.811,69.812,69.812,69.812,69.812,69.812,69.812,69.813,69.811,69.811,69.811,69.813,69.812,69.812,202.2,19.602,18,16.296,16.079,7.669,16.296,18,16.296,10,16.296,7.669,202.2,117.65,77.602,40.044,84.557,50.261,26.296,700,830,920,1050,1100,1050,950,1020,1200,1300,1150,1000,800,900,920,970,900,1000,1150,500,870,880,770,700,650,500,420,475,420,300,250,500,650,750,700,415,350,420,0,0,0,0,0,0,0,0,0,0,0,0,0,0,0,0,0,0,0,0,0,0,1,0,0,0,0,0,0,0,0,0,0,0,0,0,0,831,869,0,1
47400,20.22,1.9602,1.8,1.6296,1.6079,0.7669,1.6296,1.8,1.6296,1,1.6296,0.7669,20.22,11.765,7.7602,4.0044,8.4557,5.0261,2.6296,69.817,69.81,69.811,69.811,69.811,69.811,69.812,69.812,69.812,69.812,69.812,69.812,69.813,69.811,69.811,69.811,69.813,69.812,69.812,202.2,19.602,18,16.296,16.079,7.669,16.296,18,16.296,10,16.296,7.669,202.2,117.65,77.602,40.044,84.557,50.261,26.296,700,830,920,1050,1100,1050,950,1020,1200,1300,1150,1000,800,900,920,970,900,1000,1150,500,870,880,770,700,650,500,420,475,420,300,250,500,650,750,700,415,350,420,0,0,0,0,0,0,0,0,0,0,0,0,0,0,0,0,0,0,0,0,0,0,1,0,0,0,0,0,0,0,0,0,0,0,0,0,0,831,869,0,1
48000,20.22,1.9602,1.8,1.6296,1.6079,0.7669,1.6296,1.8,1.6296,1,1.6296,0.7669,20.22,11.765,7.7602,4.0044,8.4557,5.0261,2.6296,69.817,69.81,69.811,69.811,69.811,69.811,69.812,69.812,69.812,69.812,69.812,69.812,69.813,69.811,69.811,69.811,69.813,69.812,69.812,202.2,19.602,18,16.296,16.079,7.669,16.296,18,16.296,10,16.296,7.669,202.2,117.65,77.602,40.044,84.557,50.261,26.296,700,830,920,1050,1100,1050,950,1020,1200,1300,1150,1000,800,900,920,970,900,1000,1150,500,870,880,770,700,650,500,420,475,420,300,250,500,650,750,700,415,350,420,0,0,0,0,0,0,0,0,0,0,0,0,0,0,0,0,0,0,0,0,0,0,1,0,0,0,0,0,0,0,0,0,0,0,0,0,0,831,869,0,1
48600,20.22,1.9602,1.8,1.6296,1.6079,0.7669,1.6296,1.8,1.6296,1,1.6296,0.7669,20.22,11.765,7.7602,4.0044,8.4557,5.0261,2.6296,69.817,69.81,69.811,69.811,69.811,69.811,69.812,69.812,69.812,69.812,69.812,69.812,69.813,69.811,69.811,69.811,69.813,69.812,69.812,202.2,19.602,18,16.296,16.079,7.669,16.296,18,16.296,10,16.296,7.669,202.2,117.65,77.602,40.044,84.557,50.261,26.296,700,830,920,1050,1100,1050,950,1020,1200,1300,1150,1000,800,900,920,970,900,1000,1150,500,870,880,770,700,650,500,420,475,420,300,250,500,650,750,700,415,350,420,0,0,0,0,0,0,0,0,0,0,0,0,0,0,0,0,0,0,0,0,0,0,1,0,0,0,0,0,0,0,0,0,0,0,0,0,0,831,869,0,1
49200,20.22,1.9602,1.8,1.6296,1.6079,0.7669,1.6296,1.8,1.6296,1,1.6296,0.7669,20.22,11.765,7.7602,4.0044,8.4557,5.0261,2.6296,69.817,69.81,69.811,69.811,69.811,69.811,69.812,69.812,69.812,69.812,69.812,69.812,69.813,69.811,69.811,69.811,69.813,69.812,69.812,202.2,19.602,18,16.296,16.079,7.669,16.296,18,16.296,10,16.296,7.669,202.2,117.65,77.602,40.044,84.557,50.261,26.296,700,830,920,1050,1100,1050,950,1020,1200,1300,1150,1000,800,900,920,970,900,1000,1150,500,870,880,770,700,650,500,420,475,420,300,250,500,650,750,700,415,350,420,0,0,0,0,0,0,0,0,0,0,0,0,0,0,0,0,0,0,0,0,0,0,1,0,0,0,0,0,0,0,0,0,0,0,0,0,0,831,869,0,1
49800,20.22,1.9602,1.8,1.6296,1.6079,0.7669,1.6296,1.8,1.6296,1,1.6296,0.7669,20.22,11.765,7.7602,4.0044,8.4557,5.0261,2.6296,69.817,69.81,69.811,69.811,69.811,69.811,69.812,69.812,69.812,69.812,69.812,69.812,69.813,69.811,69.811,69.811,69.813,69.812,69.812,202.2,19.602,18,16.296,16.079,7.669,16.296,18,16.296,10,16.296,7.669,202.2,117.65,77.602,40.044,84.557,50.261,26.296,700,830,920,1050,1100,1050,950,1020,1200,1300,1150,1000,800,900,920,970,900,1000,1150,500,870,880,770,700,650,500,420,475,420,300,250,500,650,750,700,415,350,420,0,0,0,0,0,0,0,0,0,0,0,0,0,0,0,0,0,0,0,0,0,0,1,0,0,0,0,0,0,0,0,0,0,0,0,0,0,831,869,0,1
50400,18.8,2,2.1,1.5,1.5,0.7,1.5,1,1.5,0.8,1.5,0.7,18.8,11.8,8.1,3.7,7,4.5,2.3,74.891,74.885,74.885,74.886,74.886,74.886,74.887,74.887,74.887,74.887,74.887,74.887,74.888,74.886,74.885,74.886,74.888,74.887,74.887,188,20,21,15,15,7,15,10,15,8,15,7,188,118,81,37,70,45,23,700,830,920,1050,1100,1050,950,1020,1200,1300,1150,1000,800,900,920,970,900,1000,1150,500,870,880,770,700,650,500,420,475,420,300,250,500,650,750,700,415,350,420,0,0,0,0,0,0,0,0,0,0,0,0,0,0,0,0,0,0,0,0,0,0,1,0,0,0,0,0,0,0,0,0,0,0,0,0,0,831,869,0,1
51000,18.8,2,2.1,1.5,1.5,0.7,1.5,1,1.5,0.8,1.5,0.7,18.8,11.8,8.1,3.7,7,4.5,2.3,74.891,74.885,74.885,74.886,74.886,74.886,74.887,74.887,74.887,74.887,74.887,74.887,74.888,74.886,74.885,74.886,74.888,74.887,74.887,188,20,21,15,15,7,15,10,15,8,15,7,188,118,81,37,70,45,23,700,830,920,1050,1100,1050,950,1020,1200,1300,1150,1000,800,900,920,970,900,1000,1150,500,870,880,770,700,650,500,420,475,420,300,250,500,650,750,700,415,350,420,0,0,0,0,0,0,0,0,0,0,0,0,0,0,0,0,0,0,0,0,0,0,1,0,0,0,0,0,0,0,0,0,0,0,0,0,0,831,869,0,1
51600,18.8,2,2.1,1.5,1.5,0.7,1.5,1,1.5,0.8,1.5,0.7,18.8,11.8,8.1,3.7,7,4.5,2.3,74.891,74.885,74.885,74.886,74.886,74.886,74.887,74.887,74.887,74.887,74.887,74.887,74.888,74.886,74.885,74.886,74.888,74.887,74.887,188,20,21,15,15,7,15,10,15,8,15,7,188,118,81,37,70,45,23,700,830,920,1050,1100,1050,950,1020,1200,1300,1150,1000,800,900,920,970,900,1000,1150,500,870,880,770,700,650,500,420,475,420,300,250,500,650,750,700,415,350,420,0,0,0,0,0,0,0,0,0,0,0,0,0,0,0,0,0,0,0,0,0,0,1,0,0,0,0,0,0,0,0,0,0,0,0,0,0,831,869,0,1
52200,18.8,2,2.1,1.5,1.5,0.7,1.5,1,1.5,0.8,1.5,0.7,18.8,11.8,8.1,3.7,7,4.5,2.3,74.891,74.885,74.885,74.886,74.886,74.886,74.887,74.887,74.887,74.887,74.887,74.887,74.888,74.886,74.885,74.886,74.888,74.887,74.887,188,20,21,15,15,7,15,10,15,8,15,7,188,118,81,37,70,45,23,700,830,920,1050,1100,1050,950,1020,1200,1300,1150,1000,800,900,920,970,900,1000,1150,500,870,880,770,700,650,500,420,475,420,300,250,500,650,750,700,415,350,420,0,0,0,0,0,0,0,0,0,0,0,0,0,0,0,0,0,0,0,0,0,0,1,0,0,0,0,0,0,0,0,0,0,0,0,0,0,831,869,0,1
52800,18.8,2,2.1,1.5,1.5,0.7,1.5,1,1.5,0.8,1.5,0.7,18.8,11.8,8.1,3.7,7,4.5,2.3,74.891,74.885,74.885,74.886,74.886,74.886,74.887,74.887,74.887,74.887,74.887,74.887,74.888,74.886,74.885,74.886,74.888,74.887,74.887,188,20,21,15,15,7,15,10,15,8,15,7,188,118,81,37,70,45,23,700,830,920,1050,1100,1050,950,1020,1200,1300,1150,1000,800,900,920,970,900,1000,1150,500,870,880,770,700,650,500,420,475,420,300,250,500,650,750,700,415,350,420,0,0,0,0,0,0,0,0,0,0,0,0,0,0,0,0,0,0,0,0,0,0,1,0,0,0,0,0,0,0,0,0,0,0,0,0,0,831,869,0,1
53400,18.8,2,2.1,1.5,1.5,0.7,1.5,1,1.5,0.8,1.5,0.7,18.8,11.8,8.1,3.7,7,4.5,2.3,74.891,74.885,74.885,74.886,74.886,74.886,74.887,74.887,74.887,74.887,74.887,74.887,74.888,74.886,74.885,74.886,74.888,74.887,74.887,188,20,21,15,15,7,15,10,15,8,15,7,188,118,81,37,70,45,23,700,830,920,1050,1100,1050,950,1020,1200,1300,1150,1000,800,900,920,970,900,1000,1150,500,870,880,770,700,650,500,420,475,420,300,250,500,650,750,700,415,350,420,0,0,0,0,0,0,0,0,0,0,0,0,0,0,0,0,0,0,0,0,0,0,1,0,0,0,0,0,0,0,0,0,0,0,0,0,0,831,869,0,1
54000,19.113,1.65,2.5,1.6875,1.4475,0.7828,1.6875,0.5,1.6875,0.7,1.6875,0.7828,19.113,12.068,8.15,3.9178,7.0453,4.8578,2.3875,76.634,76.628,76.628,76.628,76.628,76.628,76.63,76.63,76.63,76.63,76.63,76.63,76.631,76.629,76.628,76.628,76.63,76.63,76.63,191.13,16.5,25,16.875,14.475,7.828,16.875,5,16.875,7,16.875,7.828,191.13,120.68,81.5,39.178,70.453,48.578,23.875,700,830,920,1050,1100,1050,950,1020,1200,1300,1150,1000,800,900,920,970,900,1000,1150,500,870,880,770,700,650,500,420,475,420,300,250,500,650,750,700,415,350,420,0,0,0,0,0,0,0,0,0,0,0,0,0,0,0,0,0,0,0,0,0,0,1,0,0,0,0,0,0,0,0,0,0,0,0,0,0,831,869,0,1
54600,19.113,1.65,2.5,1.6875,1.4475,0.7828,1.6875,0.5,1.6875,0.7,1.6875,0.7828,19.113,12.068,8.15,3.9178,7.0453,4.8578,2.3875,76.634,76.628,76.628,76.628,76.628,76.628,76.63,76.63,76.63,76.63,76.63,76.63,76.631,76.629,76.628,76.628,76.63,76.63,76.63,191.13,16.5,25,16.875,14.475,7.828,16.875,5,16.875,7,16.875,7.828,191.13,120.68,81.5,39.178,70.453,48.578,23.875,700,830,920,1050,1100,1050,950,1020,1200,1300,1150,1000,800,900,920,970,900,1000,1150,500,870,880,770,700,650,500,420,475,420,300,250,500,650,750,700,415,350,420,0,0,0,0,0,0,0,0,0,0,0,0,0,0,0,0,0,0,0,0,0,0,1,0,0,0,0,0,0,0,0,0,0,0,0,0,0,831,869,0,1
55200,19.113,1.65,2.5,1.6875,1.4475,0.7828,1.6875,0.5,1.6875,0.7,1.6875,0.7828,19.113,12.068,8.15,3.9178,7.0453,4.8578,2.3875,76.634,76.628,76.628,76.628,76.628,76.628,76.63,76.63,76.63,76.63,76.63,76.63,76.631,76.629,76.628,76.628,76.63,76.63,76.63,191.13,16.5,25,16.875,14.475,7.828,16.875,5,16.875,7,16.875,7.828,191.13,120.68,81.5,39.178,70.453,48.578,23.875,700,830,920,1050,1100,1050,950,1020,1200,1300,1150,1000,800,900,920,970,900,1000,1150,500,870,880,770,700,650,500,420,475,420,300,250,500,650,750,700,415,350,420,0,0,0,0,0,0,0,0,0,0,0,0,0,0,0,0,0,0,0,0,0,0,1,0,0,0,0,0,0,0,0,0,0,0,0,0,0,831,869,0,1
55800,19.113,1.65,2.5,1.6875,1.4475,0.7828,1.6875,0.5,1.6875,0.7,1.6875,0.7828,19.113,12.068,8.15,3.9178,7.0453,4.8578,2.3875,76.634,76.628,76.628,76.628,76.628,76.628,76.63,76.63,76.63,76.63,76.63,76.63,76.631,76.629,76.628,76.628,76.63,76.63,76.63,191.13,16.5,25,16.875,14.475,7.828,16.875,5,16.875,7,16.875,7.828,191.13,120.68,81.5,39.178,70.453,48.578,23.875,700,830,920,1050,1100,1050,950,1020,1200,1300,1150,1000,800,900,920,970,900,1000,1150,500,870,880,770,700,650,500,420,475,420,300,250,500,650,750,700,415,350,420,0,0,0,0,0,0,0,0,0,0,0,0,0,0,0,0,0,0,0,0,0,0,1,0,0,0,0,0,0,0,0,0,0,0,0,0,0,831,869,0,1
56400,19.113,1.65,2.5,1.6875,1.4475,0.7828,1.6875,0.5,1.6875,0.7,1.6875,0.7828,19.113,12.068,8.15,3.9178,7.0453,4.8578,2.3875,76.634,76.628,76.628,76.628,76.628,76.628,76.63,76.63,76.63,76.63,76.63,76.63,76.631,76.629,76.628,76.628,76.63,76.63,76.63,191.13,16.5,25,16.875,14.475,7.828,16.875,5,16.875,7,16.875,7.828,191.13,120.68,81.5,39.178,70.453,48.578,23.875,700,830,920,1050,1100,1050,950,1020,1200,1300,1150,1000,800,900,920,970,900,1000,1150,500,870,880,770,700,650,500,420,475,420,300,250,500,650,750,700,415,350,420,0,0,0,0,0,0,0,0,0,0,0,0,0,0,0,0,0,0,0,0,0,0,1,0,0,0,0,0,0,0,0,0,0,0,0,0,0,831,869,0,1
57000,19.113,1.65,2.5,1.6875,1.4475,0.7828,1.6875,0.5,1.6875,0.7,1.6875,0.7828,19.113,12.068,8.15,3.9178,7.0453,4.8578,2.3875,76.634,76.628,76.628,76.628,76.628,76.628,76.63,76.63,76.63,76.63,76.63,76.63,76.631,76.629,76.628,76.628,76.63,76.63,76.63,191.13,16.5,25,16.875,14.475,7.828,16.875,5,16.875,7,16.875,7.828,191.13,120.68,81.5,39.178,70.453,48.578,23.875,700,830,920,1050,1100,1050,950,1020,1200,1300,1150,1000,800,900,920,970,900,1000,1150,500,870,880,770,700,650,500,420,475,420,300,250,500,650,750,700,415,350,420,0,0,0,0,0,0,0,0,0,0,0,0,0,0,0,0,0,0,0,0,0,0,1,0,0,0,0,0,0,0,0,0,0,0,0,0,0,831,869,0,1
57600,21.086,1.3,2.8,2.1,1.4111,0.9875,2.1,0.5,2.1,0.7,2.1,0.9875,21.086,12.599,8.1,4.4986,8.4875,5.8875,2.8,66.764,66.756,66.756,66.757,66.757,66.757,66.759,66.759,66.758,66.758,66.758,66.758,66.76,66.757,66.757,66.757,66.759,66.758,66.758,210.86,13,28,21,14.111,9.875,21,5,21,7,21,9.875,210.86,125.99,81,44.986,84.875,58.875,28,700,830,920,1050,1100,1050,950,1020,1200,1300,1150,1000,800,900,920,970,900,1000,1150,500,870,880,770,700,650,500,420,475,420,300,250,500,650,750,700,415,350,420,0,0,0,0,0,0,0,0,0,0,0,0,0,0,0,0,0,0,0,0,0,0,1,0,0,0,0,0,0,0,0,0,0,0,0,0,0,831,869,0,1
58200,21.086,1.3,2.8,2.1,1.4111,0.9875,2.1,0.5,2.1,0.7,2.1,0.9875,21.086,12.599,8.1,4.4986,8.4875,5.8875,2.8,66.764,66.756,66.756,66.757,66.757,66.757,66.759,66.759,66.758,66.758,66.758,66.758,66.76,66.757,66.757,66.757,66.759,66.758,66.758,210.86,13,28,21,14.111,9.875,21,5,21,7,21,9.875,210.86,125.99,81,44.986,84.875,58.875,28,700,830,920,1050,1100,1050,950,1020,1200,1300,1150,1000,800,900,920,970,900,1000,1150,500,870,880,770,700,650,500,420,475,420,300,250,500,650,750,700,415,350,420,0,0,0,0,0,0,0,0,0,0,0,0,0,0,0,0,0,0,0,0,0,0,1,0,0,0,0,0,0,0,0,0,0,0,0,0,0,831,869,0,1
58800,21.086,1.3,2.8,2.1,1.4111,0.9875,2.1,0.5,2.1,0.7,2.1,0.9875,21.086,12.599,8.1,4.4986,8.4875,5.8875,2.8,66.764,66.756,66.756,66.757,66.757,66.757,66.759,66.759,66.758,66.758,66.758,66.758,66.76,66.757,66.757,66.757,66.759,66.758,66.758,210.86,13,28,21,14.111,9.875,21,5,21,7,21,9.875,210.86,125.99,81,44.986,84.875,58.875,28,700,830,920,1050,1100,1050,950,1020,1200,1300,1150,1000,800,900,920,970,900,1000,1150,500,870,880,770,700,650,500,420,475,420,300,250,500,650,750,700,415,350,420,0,0,0,0,0,0,0,0,0,0,0,0,0,0,0,0,0,0,0,0,0,0,1,0,0,0,0,0,0,0,0,0,0,0,0,0,0,831,869,0,1
59400,21.086,1.3,2.8,2.1,1.4111,0.9875,2.1,0.5,2.1,0.7,2.1,0.9875,21.086,12.599,8.1,4.4986,8.4875,5.8875,2.8,66.764,66.756,66.756,66.757,66.757,66.757,66.759,66.759,66.758,66.758,66.758,66.758,66.76,66.757,66.757,66.757,66.759,66.758,66.758,210.86,13,28,21,14.111,9.875,21,5,21,7,21,9.875,210.86,125.99,81,44.986,84.875,58.875,28,700,830,920,1050,1100,1050,950,1020,1200,1300,1150,1000,800,900,920,970,900,1000,1150,500,870,880,770,700,650,500,420,475,420,300,250,500,650,750,700,415,350,420,0,0,0,0,0,0,0,0,0,0,0,0,0,0,0,0,0,0,0,0,0,0,1,0,0,0,0,0,0,0,0,0,0,0,0,0,0,831,869,0,1
60000,21.086,1.3,2.8,2.1,1.4111,0.9875,2.1,0.5,2.1,0.7,2.1,0.9875,21.086,12.599,8.1,4.4986,8.4875,5.8875,2.8,66.764,66.756,66.756,66.757,66.757,66.757,66.759,66.759,66.758,66.758,66.758,66.758,66.76,66.757,66.757,66.757,66.759,66.758,66.758,210.86,13,28,21,14.111,9.875,21,5,21,7,21,9.875,210.86,125.99,81,44.986,84.875,58.875,28,700,830,920,1050,1100,1050,950,1020,1200,1300,1150,1000,800,900,920,970,900,1000,1150,500,870,880,770,700,650,500,420,475,420,300,250,500,650,750,700,415,350,420,0,0,0,0,0,0,0,0,0,0,0,0,0,0,0,0,0,0,0,0,0,0,1,0,0,0,0,0,0,0,0,0,0,0,0,0,0,831,869,0,1
60600,21.086,1.3,2.8,2.1,1.4111,0.9875,2.1,0.5,2.1,0.7,2.1,0.9875,21.086,12.599,8.1,4.4986,8.4875,5.8875,2.8,66.764,66.756,66.756,66.757,66.757,66.757,66.759,66.759,66.758,66.758,66.758,66.758,66.76,66.757,66.757,66.757,66.759,66.758,66.758,210.86,13,28,21,14.111,9.875,21,5,21,7,21,9.875,210.86,125.99,81,44.986,84.875,58.875,28,700,830,920,1050,1100,1050,950,1020,1200,1300,1150,1000,800,900,920,970,900,1000,1150,500,870,880,770,700,650,500,420,475,420,300,250,500,650,750,700,415,350,420,0,0,0,0,0,0,0,0,0,0,0,0,0,0,0,0,0,0,0,0,0,0,1,0,0,0,0,0,0,0,0,0,0,0,0,0,0,831,869,0,1
61200,23.766,1.65,3,2.5125,1.3692,1.2484,2.5125,0.5,2.5125,0.7,2.5125,1.2484,23.766,13.78,8.65,5.1301,9.9859,6.9734,3.2125,47.695,47.686,47.687,47.687,47.687,47.687,47.689,47.689,47.688,47.688,47.689,47.689,47.69,47.687,47.687,47.687,47.689,47.689,47.688,237.66,16.5,30,25.125,13.692,12.484,25.125,5,25.125,7,25.125,12.484,237.66,137.8,86.5,51.301,99.859,69.734,32.125,700,830,920,1050,1100,1050,950,1020,1200,1300,1150,1000,800,900,920,970,900,1000,1150,500,870,880,770,700,650,500,420,475,420,300,250,500,650,750,700,415,350,420,0,0,0,0,0,0,0,0,0,0,0,0,0,0,0,0,0,0,0,0,0,0,1,0,0,0,0,0,0,0,0,0,0,0,0,0,0,831,869,0,1
61800,23.766,1.65,3,2.5125,1.3692,1.2484,2.5125,0.5,2.5125,0.7,2.5125,1.2484,23.766,13.78,8.65,5.1301,9.9859,6.9734,3.2125,47.695,47.686,47.687,47.687,47.687,47.687,47.689,47.689,47.688,47.688,47.689,47.689,47.69,47.687,47.687,47.687,47.689,47.689,47.688,237.66,16.5,30,25.125,13.692,12.484,25.125,5,25.125,7,25.125,12.484,237.66,137.8,86.5,51.301,99.859,69.734,32.125,700,830,920,1050,1100,1050,950,1020,1200,1300,1150,1000,800,900,920,970,900,1000,1150,500,870,880,770,700,650,500,420,475,420,300,250,500,650,750,700,415,350,420,0,0,0,0,0,0,0,0,0,0,0,0,0,0,0,0,0,0,0,0,0,0,1,0,0,0,0,0,0,0,0,0,0,0,0,0,0,831,869,0,1
62400,23.766,1.65,3,2.5125,1.3692,1.2484,2.5125,0.5,2.5125,0.7,2.5125,1.2484,23.766,13.78,8.65,5.1301,9.9859,6.9734,3.2125,47.695,47.686,47.687,47.687,47.687,47.687,47.689,47.689,47.688,47.688,47.689,47.689,47.69,47.687,47.687,47.687,47.689,47.689,47.688,237.66,16.5,30,25.125,13.692,12.484,25.125,5,25.125,7,25.125,12.484,237.66,137.8,86.5,51.301,99.859,69.734,32.125,700,830,920,1050,1100,1050,950,1020,1200,1300,1150,1000,800,900,920,970,900,1000,1150,500,870,880,770,700,650,500,420,475,420,300,250,500,650,750,700,415,350,420,0,0,0,0,0,0,0,0,0,0,0,0,0,0,0,0,0,0,0,0,0,0,1,0,0,0,0,0,0,0,0,0,0,0,0,0,0,831,869,0,1
63000,23.766,1.65,3,2.5125,1.3692,1.2484,2.5125,0.5,2.5125,0.7,2.5125,1.2484,23.766,13.78,8.65,5.1301,9.9859,6.9734,3.2125,47.695,47.686,47.687,47.687,47.687,47.687,47.689,47.689,47.688,47.688,47.689,47.689,47.69,47.687,47.687,47.687,47.689,47.689,47.688,237.66,16.5,30,25.125,13.692,12.484,25.125,5,25.125,7,25.125,12.484,237.66,137.8,86.5,51.301,99.859,69.734,32.125,700,830,920,1050,1100,1050,950,1020,1200,1300,1150,1000,800,900,920,970,900,1000,1150,500,870,880,770,700,650,500,420,475,420,300,250,500,650,750,700,415,350,420,0,0,0,0,0,0,0,0,0,0,0,0,0,0,0,0,0,0,0,0,0,0,1,0,0,0,0,0,0,0,0,0,0,0,0,0,0,831,869,0,1
63600,23.766,1.65,3,2.5125,1.3692,1.2484,2.5125,0.5,2.5125,0.7,2.5125,1.2484,23.766,13.78,8.65,5.1301,9.9859,6.9734,3.2125,47.695,47.686,47.687,47.687,47.687,47.687,47.689,47.689,47.688,47.688,47.689,47.689,47.69,47.687,47.687,47.687,47.689,47.689,47.688,237.66,16.5,30,25.125,13.692,12.484,25.125,5,25.125,7,25.125,12.484,237.66,137.8,86.5,51.301,99.859,69.734,32.125,700,830,920,1050,1100,1050,950,1020,1200,1300,1150,1000,800,900,920,970,900,1000,1150,500,870,880,770,700,650,500,420,475,420,300,250,500,650,750,700,415,350,420,0,0,0,0,0,0,0,0,0,0,0,0,0,0,0,0,0,0,0,0,0,0,1,0,0,0,0,0,0,0,0,0,0,0,0,0,0,831,869,0,1
64200,23.766,1.65,3,2.5125,1.3692,1.2484,2.5125,0.5,2.5125,0.7,2.5125,1.2484,23.766,13.78,8.65,5.1301,9.9859,6.9734,3.2125,47.695,47.686,47.687,47.687,47.687,47.687,47.689,47.689,47.688,47.688,47.689,47.689,47.69,47.687,47.687,47.687,47.689,47.689,47.688,237.66,16.5,30,25.125,13.692,12.484,25.125,5,25.125,7,25.125,12.484,237.66,137.8,86.5,51.301,99.859,69.734,32.125,700,830,920,1050,1100,1050,950,1020,1200,1300,1150,1000,800,900,920,970,900,1000,1150,500,870,880,770,700,650,500,420,475,420,300,250,500,650,750,700,415,350,420,0,0,0,0,0,0,0,0,0,0,0,0,0,0,0,0,0,0,0,0,0,0,1,0,0,0,0,0,0,0,0,0,0,0,0,0,0,831,869,0,1
64800,25.7,2,2.8,2.7,1.3,1.5,2.7,0.9,2.7,0.9,2.7,1.5,25.7,14.3,8.8,5.5,11.4,7.8,3.6,37.281,37.271,37.272,37.272,37.272,37.272,37.274,37.274,37.273,37.273,37.273,37.274,37.276,37.273,37.272,37.272,37.274,37.274,37.273,257,20,28,27,13,15,27,9,27,9,27,15,257,143,88,55,114,78,36,700,830,920,1050,1100,1050,950,1020,1200,1300,1150,1000,800,900,920,970,900,1000,1150,500,870,880,770,700,650,500,420,475,420,300,250,500,650,750,700,415,350,420,0,0,0,0,0,0,0,0,0,0,0,0,0,0,0,0,0,0,0,0,0,0,1,0,0,0,0,0,0,0,0,0,0,0,0,0,0,831,869,0,1
65400,25.7,2,2.8,2.7,1.3,1.5,2.7,0.9,2.7,0.9,2.7,1.5,25.7,14.3,8.8,5.5,11.4,7.8,3.6,37.281,37.271,37.272,37.272,37.272,37.272,37.274,37.274,37.273,37.273,37.273,37.274,37.276,37.273,37.272,37.272,37.274,37.274,37.273,257,20,28,27,13,15,27,9,27,9,27,15,257,143,88,55,114,78,36,700,830,920,1050,1100,1050,950,1020,1200,1300,1150,1000,800,900,920,970,900,1000,1150,500,870,880,770,700,650,500,420,475,420,300,250,500,650,750,700,415,350,420,0,0,0,0,0,0,0,0,0,0,0,0,0,0,0,0,0,0,0,0,0,0,1,0,0,0,0,0,0,0,0,0,0,0,0,0,0,831,869,0,1
66000,25.7,2,2.8,2.7,1.3,1.5,2.7,0.9,2.7,0.9,2.7,1.5,25.7,14.3,8.8,5.5,11.4,7.8,3.6,37.281,37.271,37.272,37.272,37.272,37.272,37.274,37.274,37.273,37.273,37.273,37.274,37.276,37.273,37.272,37.272,37.274,37.274,37.273,257,20,28,27,13,15,27,9,27,9,27,15,257,143,88,55,114,78,36,700,830,920,1050,1100,1050,950,1020,1200,1300,1150,1000,800,900,920,970,900,1000,1150,500,870,880,770,700,650,500,420,475,420,300,250,500,650,750,700,415,350,420,0,0,0,0,0,0,0,0,0,0,0,0,0,0,0,0,0,0,0,0,0,0,1,0,0,0,0,0,0,0,0,0,0,0,0,0,0,831,869,0,1
66600,25.7,2,2.8,2.7,1.3,1.5,2.7,0.9,2.7,0.9,2.7,1.5,25.7,14.3,8.8,5.5,11.4,7.8,3.6,37.281,37.271,37.272,37.272,37.272,37.272,37.274,37.274,37.273,37.273,37.273,37.274,37.276,37.273,37.272,37.272,37.274,37.274,37.273,257,20,28,27,13,15,27,9,27,9,27,15,257,143,88,55,114,78,36,700,830,920,1050,1100,1050,950,1020,1200,1300,1150,1000,800,900,920,970,900,1000,1150,500,870,880,770,700,650,500,420,475,420,300,250,500,650,750,700,415,350,420,0,0,0,0,0,0,0,0,0,0,0,0,0,0,0,0,0,0,0,0,0,0,1,0,0,0,0,0,0,0,0,0,0,0,0,0,0,831,869,0,1
67200,25.7,2,2.8,2.7,1.3,1.5,2.7,0.9,2.7,0.9,2.7,1.5,25.7,14.3,8.8,5.5,11.4,7.8,3.6,37.281,37.271,37.272,37.272,37.272,37.272,37.274,37.274,37.273,37.273,37.273,37.274,37.276,37.273,37.272,37.272,37.274,37.274,37.273,257,20,28,27,13,15,27,9,27,9,27,15,257,143,88,55,114,78,36,700,830,920,1050,1100,1050,950,1020,1200,1300,1150,1000,800,900,920,970,900,1000,1150,500,870,880,770,700,650,500,420,475,420,300,250,500,650,750,700,415,350,420,0,0,0,0,0,0,0,0,0,0,0,0,0,0,0,0,0,0,0,0,0,0,1,0,0,0,0,0,0,0,0,0,0,0,0,0,0,831,869,0,1
67800,25.7,2,2.8,2.7,1.3,1.5,2.7,0.9,2.7,0.9,2.7,1.5,25.7,14.3,8.8,5.5,11.4,7.8,3.6,37.281,37.271,37.272,37.272,37.272,37.272,37.274,37.274,37.273,37.273,37.273,37.274,37.276,37.273,37.272,37.272,37.274,37.274,37.273,257,20,28,27,13,15,27,9,27,9,27,15,257,143,88,55,114,78,36,700,830,920,1050,1100,1050,950,1020,1200,1300,1150,1000,800,900,920,970,900,1000,1150,500,870,880,770,700,650,500,420,475,420,300,250,500,650,750,700,415,350,420,0,0,0,0,0,0,0,0,0,0,0,0,0,0,0,0,0,0,0,0,0,0,1,0,0,0,0,0,0,0,0,0,0,0,0,0,0,831,869,0,1
68400,22.723,1.8682,2.6,1.9106,1.0549,1.8062,1.9106,1.3,1.7831,0.9,1.7831,1.8062,22.723,13.24,8.4682,4.7717,9.483,6.2724,2.6831,61.843,61.835,61.835,61.836,61.836,61.836,61.837,61.837,61.837,61.837,61.837,61.837,61.839,61.836,61.835,61.836,61.838,61.837,61.837,227.23,18.682,26,19.106,10.549,18.062,19.106,13,17.831,9,17.831,18.062,227.23,132.4,84.682,47.717,94.83,62.724,26.831,700,830,920,1050,1100,1050,950,1020,1200,1300,1150,1000,800,900,920,970,900,1000,1150,500,870,880,770,700,650,500,420,475,420,300,250,500,650,750,700,415,350,420,0,0,0,0,0,0,0,0,0,0,0,0,0,0,0,0,0,0,0,0,0,0,1,0,0,0,0,0,0,0,0,0,0,0,0,0,0,831,869,0,1
69000,22.723,1.8682,2.6,1.9106,1.0549,1.8062,1.9106,1.3,1.7831,0.9,1.7831,1.8062,22.723,13.24,8.4682,4.7717,9.483,6.2724,2.6831,61.843,61.835,61.835,61.836,61.836,61.836,61.837,61.837,61.837,61.837,61.837,61.837,61.839,61.836,61.835,61.836,61.838,61.837,61.837,227.23,18.682,26,19.106,10.549,18.062,19.106,13,17.831,9,17.831,18.062,227.23,132.4,84.682,47.717,94.83,62.724,26.831,700,830,920,1050,1100,1050,950,1020,1200,1300,1150,1000,800,900,920,970,900,1000,1150,500,870,880,770,700,650,500,420,475,420,300,250,500,650,750,700,415,350,420,0,0,0,0,0,0,0,0,0,0,0,0,0,0,0,0,0,0,0,0,0,0,1,0,0,0,0,0,0,0,0,0,0,0,0,0,0,831,869,0,1
69600,22.723,1.8682,2.6,1.9106,1.0549,1.8062,1.9106,1.3,1.7831,0.9,1.7831,1.8062,22.723,13.24,8.4682,4.7717,9.483,6.2724,2.6831,61.843,61.835,61.835,61.836,61.836,61.836,61.837,61.837,61.837,61.837,61.837,61.837,61.839,61.836,61.835,61.836,61.838,61.837,61.837,227.23,18.682,26,19.106,10.549,18.062,19.106,13,17.831,9,17.831,18.062,227.23,132.4,84.682,47.717,94.83,62.724,26.831,700,830,920,1050,1100,1050,950,1020,1200,1300,1150,1000,800,900,920,970,900,1000,1150,500,870,880,770,700,650,500,420,475,420,300,250,500,650,750,700,415,350,420,0,0,0,0,0,0,0,0,0,0,0,0,0,0,0,0,0,0,0,0,0,0,1,0,0,0,0,0,0,0,0,0,0,0,0,0,0,831,869,0,1
70200,22.723,1.8682,2.6,1.9106,1.0549,1.8062,1.9106,1.3,1.7831,0.9,1.7831,1.8062,22.723,13.24,8.4682,4.7717,9.483,6.2724,2.6831,61.843,61.835,61.835,61.836,61.836,61.836,61.837,61.837,61.837,61.837,61.837,61.837,61.839,61.836,61.835,61.836,61.838,61.837,61.837,227.23,18.682,26,19.106,10.549,18.062,19.106,13,17.831,9,17.831,18.062,227.23,132.4,84.682,47.717,94.83,62.724,26.831,700,830,920,1050,1100,1050,950,1020,1200,1300,1150,1000,800,900,920,970,900,1000,1150,500,870,880,770,700,650,500,420,475,420,300,250,500,650,750,700,415,350,420,0,0,0,0,0,0,0,0,0,0,0,0,0,0,0,0,0,0,0,0,0,0,1,0,0,0,0,0,0,0,0,0,0,0,0,0,0,831,869,0,1
70800,22.723,1.8682,2.6,1.9106,1.0549,1.8062,1.9106,1.3,1.7831,0.9,1.7831,1.8062,22.723,13.24,8.4682,4.7717,9.483,6.2724,2.6831,61.843,61.835,61.835,61.836,61.836,61.836,61.837,61.837,61.837,61.837,61.837,61.837,61.839,61.836,61.835,61.836,61.838,61.837,61.837,227.23,18.682,26,19.106,10.549,18.062,19.106,13,17.831,9,17.831,18.062,227.23,132.4,84.682,47.717,94.83,62.724,26.831,700,830,920,1050,1100,1050,950,1020,1200,1300,1150,1000,800,900,920,970,900,1000,1150,500,870,880,770,700,650,500,420,475,420,300,250,500,650,750,700,415,350,420,0,0,0,0,0,0,0,0,0,0,0,0,0,0,0,0,0,0,0,0,0,0,1,0,0,0,0,0,0,0,0,0,0,0,0,0,0,831,869,0,1
71400,22.723,1.8682,2.6,1.9106,1.0549,1.8062,1.9106,1.3,1.7831,0.9,1.7831,1.8062,22.723,13.24,8.4682,4.7717,9.483,6.2724,2.6831,61.843,61.835,61.835,61.836,61.836,61.836,61.837,61.837,61.837,61.837,61.837,61.837,61.839,61.836,61.835,61.836,61.838,61.837,61.837,227.23,18.682,26,19.106,10.549,18.062,19.106,13,17.831,9,17.831,18.062,227.23,132.4,84.682,47.717,94.83,62.724,26.831,700,830,920,1050,1100,1050,950,1020,1200,1300,1150,1000,800,900,920,970,900,1000,1150,500,870,880,770,700,650,500,420,475,420,300,250,500,650,750,700,415,350,420,0,0,0,0,0,0,0,0,0,0,0,0,0,0,0,0,0,0,0,0,0,0,1,0,0,0,0,0,0,0,0,0,0,0,0,0,0,831,869,0,1
72000,18.2,1.6,2,1,0.8,2,1,1.5,0.8,0.7,0.8,2,18.2,11.4,7.6,3.8,6.8,4.3,1.5,84.468,84.462,84.463,84.463,84.463,84.463,84.465,84.465,84.465,84.465,84.465,84.465,84.466,84.463,84.463,84.463,84.465,84.465,84.465,182,16,20,10,8,20,10,15,8,7,8,20,182,114,76,38,68,43,15,700,830,920,1050,1100,1050,950,1020,1200,1300,1150,1000,800,900,920,970,900,1000,1150,500,870,880,770,700,650,500,420,475,420,300,250,500,650,750,700,415,350,420,0,0,0,0,0,0,0,0,0,0,0,0,0,0,0,0,0,0,0,0,0,0,1,0,0,0,0,0,0,0,0,0,0,0,0,0,0,831,869,0,1
72600,18.2,1.6,2,1,0.8,2,1,1.5,0.8,0.7,0.8,2,18.2,11.4,7.6,3.8,6.8,4.3,1.5,84.468,84.462,84.463,84.463,84.463,84.463,84.465,84.465,84.465,84.465,84.465,84.465,84.466,84.463,84.463,84.463,84.465,84.465,84.465,182,16,20,10,8,20,10,15,8,7,8,20,182,114,76,38,68,43,15,700,830,920,1050,1100,1050,950,1020,1200,1300,1150,1000,800,900,920,970,900,1000,1150,500,870,880,770,700,650,500,420,475,420,300,250,500,650,750,700,415,350,420,0,0,0,0,0,0,0,0,0,0,0,0,0,0,0,0,0,0,0,0,0,0,1,0,0,0,0,0,0,0,0,0,0,0,0,0,0,831,869,0,1
73200,18.2,1.6,2,1,0.8,2,1,1.5,0.8,0.7,0.8,2,18.2,11.4,7.6,3.8,6.8,4.3,1.5,84.468,84.462,84.463,84.463,84.463,84.463,84.465,84.465,84.465,84.465,84.465,84.465,84.466,84.463,84.463,84.463,84.465,84.465,84.465,182,16,20,10,8,20,10,15,8,7,8,20,182,114,76,38,68,43,15,700,830,920,1050,1100,1050,950,1020,1200,1300,1150,1000,800,900,920,970,900,1000,1150,500,870,880,770,700,650,500,420,475,420,300,250,500,650,750,700,415,350,420,0,0,0,0,0,0,0,0,0,0,0,0,0,0,0,0,0,0,0,0,0,0,1,0,0,0,0,0,0,0,0,0,0,0,0,0,0,831,869,0,1
73800,18.2,1.6,2,1,0.8,2,1,1.5,0.8,0.7,0.8,2,18.2,11.4,7.6,3.8,6.8,4.3,1.5,84.468,84.462,84.463,84.463,84.463,84.463,84.465,84.465,84.465,84.465,84.465,84.465,84.466,84.463,84.463,84.463,84.465,84.465,84.465,182,16,20,10,8,20,10,15,8,7,8,20,182,114,76,38,68,43,15,700,830,920,1050,1100,1050,950,1020,1200,1300,1150,1000,800,900,920,970,900,1000,1150,500,870,880,770,700,650,500,420,475,420,300,250,500,650,750,700,415,350,420,0,0,0,0,0,0,0,0,0,0,0,0,0,0,0,0,0,0,0,0,0,0,1,0,0,0,0,0,0,0,0,0,0,0,0,0,0,831,869,0,1
74400,18.2,1.6,2,1,0.8,2,1,1.5,0.8,0.7,0.8,2,18.2,11.4,7.6,3.8,6.8,4.3,1.5,84.468,84.462,84.463,84.463,84.463,84.463,84.465,84.465,84.465,84.465,84.465,84.465,84.466,84.463,84.463,84.463,84.465,84.465,84.465,182,16,20,10,8,20,10,15,8,7,8,20,182,114,76,38,68,43,15,700,830,920,1050,1100,1050,950,1020,1200,1300,1150,1000,800,900,920,970,900,1000,1150,500,870,880,770,700,650,500,420,475,420,300,250,500,650,750,700,415,350,420,0,0,0,0,0,0,0,0,0,0,0,0,0,0,0,0,0,0,0,0,0,0,1,0,0,0,0,0,0,0,0,0,0,0,0,0,0,831,869,0,1
75000,18.2,1.6,2,1,0.8,2,1,1.5,0.8,0.7,0.8,2,18.2,11.4,7.6,3.8,6.8,4.3,1.5,84.468,84.462,84.463,84.463,84.463,84.463,84.465,84.465,84.465,84.465,84.465,84.465,84.466,84.463,84.463,84.463,84.465,84.465,84.465,182,16,20,10,8,20,10,15,8,7,8,20,182,114,76,38,68,43,15,700,830,920,1050,1100,1050,950,1020,1200,1300,1150,1000,800,900,920,970,900,1000,1150,500,870,880,770,700,650,500,420,475,420,300,250,500,650,750,700,415,350,420,0,0,0,0,0,0,0,0,0,0,0,0,0,0,0,0,0,0,0,0,0,0,1,0,0,0,0,0,0,0,0,0,0,0,0,0,0,831,869,0,1
75600,15.871,1.2551,1,0.7886,0.6995,1.78,0.7886,1.9,0.6894,0.5,0.6894,1.78,15.871,9.5232,6.2551,3.2681,6.3474,3.6588,1.1894,86.654,86.65,86.65,86.65,86.65,86.65,86.651,86.651,86.651,86.651,86.651,86.651,86.652,86.65,86.65,86.65,86.651,86.651,86.651,158.71,12.551,10,7.886,6.995,17.8,7.886,19,6.894,5,6.894,17.8,158.71,95.232,62.551,32.681,63.474,36.588,11.894,700,830,920,1050,1100,1050,950,1020,1200,1300,1150,1000,800,900,920,970,900,1000,1150,500,870,880,770,700,650,500,420,475,420,300,250,500,650,750,700,415,350,420,0,0,0,0,0,0,0,0,0,0,0,0,0,0,0,0,0,0,0,0,0,0,1,0,0,0,0,0,0,0,0,0,0,0,0,0,0,831,869,0,1
76200,15.871,1.2551,1,0.7886,0.6995,1.78,0.7886,1.9,0.6894,0.5,0.6894,1.78,15.871,9.5232,6.2551,3.2681,6.3474,3.6588,1.1894,86.654,86.65,86.65,86.65,86.65,86.65,86.651,86.651,86.651,86.651,86.651,86.651,86.652,86.65,86.65,86.65,86.651,86.651,86.651,158.71,12.551,10,7.886,6.995,17.8,7.886,19,6.894,5,6.894,17.8,158.71,95.232,62.551,32.681,63.474,36.588,11.894,700,830,920,1050,1100,1050,950,1020,1200,1300,1150,1000,800,900,920,970,900,1000,1150,500,870,880,770,700,650,500,420,475,420,300,250,500,650,750,700,415,350,420,0,0,0,0,0,0,0,0,0,0,0,0,0,0,0,0,0,0,0,0,0,0,1,0,0,0,0,0,0,0,0,0,0,0,0,0,0,831,869,0,1
76800,15.871,1.2551,1,0.7886,0.6995,1.78,0.7886,1.9,0.6894,0.5,0.6894,1.78,15.871,9.5232,6.2551,3.2681,6.3474,3.6588,1.1894,86.654,86.65,86.65,86.65,86.65,86.65,86.651,86.651,86.651,86.651,86.651,86.651,86.652,86.65,86.65,86.65,86.651,86.651,86.651,158.71,12.551,10,7.886,6.995,17.8,7.886,19,6.894,5,6.894,17.8,158.71,95.232,62.551,32.681,63.474,36.588,11.894,700,830,920,1050,1100,1050,950,1020,1200,1300,1150,1000,800,900,920,970,900,1000,1150,500,870,880,770,700,650,500,420,475,420,300,250,500,650,750,700,415,350,420,0,0,0,0,0,0,0,0,0,0,0,0,0,0,0,0,0,0,0,0,0,0,1,0,0,0,0,0,0,0,0,0,0,0,0,0,0,831,869,0,1
77400,15.871,1.2551,1,0.7886,0.6995,1.78,0.7886,1.9,0.6894,0.5,0.6894,1.78,15.871,9.5232,6.2551,3.2681,6.3474,3.6588,1.1894,86.654,86.65,86.65,86.65,86.65,86.65,86.651,86.651,86.651,86.651,86.651,86.651,86.652,86.65,86.65,86.65,86.651,86.651,86.651,158.71,12.551,10,7.886,6.995,17.8,7.886,19,6.894,5,6.894,17.8,158.71,95.232,62.551,32.681,63.474,36.588,11.894,700,830,920,1050,1100,1050,950,1020,1200,1300,1150,1000,800,900,920,970,900,1000,1150,500,870,880,770,700,650,500,420,475,420,300,250,500,650,750,700,415,350,420,0,0,0,0,0,0,0,0,0,0,0,0,0,0,0,0,0,0,0,0,0,0,1,0,0,0,0,0,0,0,0,0,0,0,0,0,0,831,869,0,1
78000,15.871,1.2551,1,0.7886,0.6995,1.78,0.7886,1.9,0.6894,0.5,0.6894,1.78,15.871,9.5232,6.2551,3.2681,6.3474,3.6588,1.1894,86.654,86.65,86.65,86.65,86.65,86.65,86.651,86.651,86.651,86.651,86.651,86.651,86.652,86.65,86.65,86.65,86.651,86.651,86.651,158.71,12.551,10,7.886,6.995,17.8,7.886,19,6.894,5,6.894,17.8,158.71,95.232,62.551,32.681,63.474,36.588,11.894,700,830,920,1050,1100,1050,950,1020,1200,1300,1150,1000,800,900,920,970,900,1000,1150,500,870,880,770,700,650,500,420,475,420,300,250,500,650,750,700,415,350,420,0,0,0,0,0,0,0,0,0,0,0,0,0,0,0,0,0,0,0,0,0,0,1,0,0,0,0,0,0,0,0,0,0,0,0,0,0,831,869,0,1
78600,15.871,1.2551,1,0.7886,0.6995,1.78,0.7886,1.9,0.6894,0.5,0.6894,1.78,15.871,9.5232,6.2551,3.2681,6.3474,3.6588,1.1894,86.654,86.65,86.65,86.65,86.65,86.65,86.651,86.651,86.651,86.651,86.651,86.651,86.652,86.65,86.65,86.65,86.651,86.651,86.651,158.71,12.551,10,7.886,6.995,17.8,7.886,19,6.894,5,6.894,17.8,158.71,95.232,62.551,32.681,63.474,36.588,11.894,700,830,920,1050,1100,1050,950,1020,1200,1300,1150,1000,800,900,920,970,900,1000,1150,500,870,880,770,700,650,500,420,475,420,300,250,500,650,750,700,415,350,420,0,0,0,0,0,0,0,0,0,0,0,0,0,0,0,0,0,0,0,0,0,0,1,0,0,0,0,0,0,0,0,0,0,0,0,0,0,831,869,0,1
79200,12.573,0.7809,0.5,0.6499,0.6275,1.16,0.6499,1.5,0.6225,0.3,0.6225,1.16,12.573,7.7183,5.2809,2.4374,4.8549,2.705,0.9225,82.416,82.413,82.413,82.414,82.414,82.414,82.414,82.414,82.414,82.414,82.414,82.414,82.415,82.414,82.413,82.414,82.414,82.414,82.414,125.73,7.809,5,6.499,6.275,11.6,6.499,15,6.225,3,6.225,11.6,125.73,77.183,52.809,24.374,48.549,27.05,9.225,700,830,920,1050,1100,1050,950,1020,1200,1300,1150,1000,800,900,920,970,900,1000,1150,500,870,880,770,700,650,500,420,475,420,300,250,500,650,750,700,415,350,420,0,0,0,0,0,0,0,0,0,0,0,0,0,0,0,0,0,0,0,0,0,0,1,0,0,0,0,0,0,0,0,0,0,0,0,0,0,831,869,0,1
79800,12.573,0.7809,0.5,0.6499,0.6275,1.16,0.6499,1.5,0.6225,0.3,0.6225,1.16,12.573,7.7183,5.2809,2.4374,4.8549,2.705,0.9225,82.416,82.413,82.413,82.414,82.414,82.414,82.414,82.414,82.414,82.414,82.414,82.414,82.415,82.414,82.413,82.414,82.414,82.414,82.414,125.73,7.809,5,6.499,6.275,11.6,6.499,15,6.225,3,6.225,11.6,125.73,77.183,52.809,24.374,48.549,27.05,9.225,700,830,920,1050,1100,1050,950,1020,1200,1300,1150,1000,800,900,920,970,900,1000,1150,500,870,880,770,700,650,500,420,475,420,300,250,500,650,750,700,415,350,420,0,0,0,0,0,0,0,0,0,0,0,0,0,0,0,0,0,0,0,0,0,0,1,0,0,0,0,0,0,0,0,0,0,0,0,0,0,831,869,0,1
80400,12.573,0.7809,0.5,0.6499,0.6275,1.16,0.6499,1.5,0.6225,0.3,0.6225,1.16,12.573,7.7183,5.2809,2.4374,4.8549,2.705,0.9225,82.416,82.413,82.413,82.414,82.414,82.414,82.414,82.414,82.414,82.414,82.414,82.414,82.415,82.414,82.413,82.414,82.414,82.414,82.414,125.73,7.809,5,6.499,6.275,11.6,6.499,15,6.225,3,6.225,11.6,125.73,77.183,52.809,24.374,48.549,27.05,9.225,700,830,920,1050,1100,1050,950,1020,1200,1300,1150,1000,800,900,920,970,900,1000,1150,500,870,880,770,700,650,500,420,475,420,300,250,500,650,750,700,415,350,420,0,0,0,0,0,0,0,0,0,0,0,0,0,0,0,0,0,0,0,0,0,0,1,0,0,0,0,0,0,0,0,0,0,0,0,0,0,831,869,0,1
81000,12.573,0.7809,0.5,0.6499,0.6275,1.16,0.6499,1.5,0.6225,0.3,0.6225,1.16,12.573,7.7183,5.2809,2.4374,4.8549,2.705,0.9225,82.416,82.413,82.413,82.414,82.414,82.414,82.414,82.414,82.414,82.414,82.414,82.414,82.415,82.414,82.413,82.414,82.414,82.414,82.414,125.73,7.809,5,6.499,6.275,11.6,6.499,15,6.225,3,6.225,11.6,125.73,77.183,52.809,24.374,48.549,27.05,9.225,700,830,920,1050,1100,1050,950,1020,1200,1300,1150,1000,800,900,920,970,900,1000,1150,500,870,880,770,700,650,500,420,475,420,300,250,500,650,750,700,415,350,420,0,0,0,0,0,0,0,0,0,0,0,0,0,0,0,0,0,0,0,0,0,0,1,0,0,0,0,0,0,0,0,0,0,0,0,0,0,831,869,0,1
81600,12.573,0.7809,0.5,0.6499,0.6275,1.16,0.6499,1.5,0.6225,0.3,0.6225,1.16,12.573,7.7183,5.2809,2.4374,4.8549,2.705,0.9225,82.416,82.413,82.413,82.414,82.414,82.414,82.414,82.414,82.414,82.414,82.414,82.414,82.415,82.414,82.413,82.414,82.414,82.414,82.414,125.73,7.809,5,6.499,6.275,11.6,6.499,15,6.225,3,6.225,11.6,125.73,77.183,52.809,24.374,48.549,27.05,9.225,700,830,920,1050,1100,1050,950,1020,1200,1300,1150,1000,800,900,920,970,900,1000,1150,500,870,880,770,700,650,500,420,475,420,300,250,500,650,750,700,415,350,420,0,0,0,0,0,0,0,0,0,0,0,0,0,0,0,0,0,0,0,0,0,0,1,0,0,0,0,0,0,0,0,0,0,0,0,0,0,831,869,0,1
82200,12.573,0.7809,0.5,0.6499,0.6275,1.16,0.6499,1.5,0.6225,0.3,0.6225,1.16,12.573,7.7183,5.2809,2.4374,4.8549,2.705,0.9225,82.416,82.413,82.413,82.414,82.414,82.414,82.414,82.414,82.414,82.414,82.414,82.414,82.415,82.414,82.413,82.414,82.414,82.414,82.414,125.73,7.809,5,6.499,6.275,11.6,6.499,15,6.225,3,6.225,11.6,125.73,77.183,52.809,24.374,48.549,27.05,9.225,700,830,920,1050,1100,1050,950,1020,1200,1300,1150,1000,800,900,920,970,900,1000,1150,500,870,880,770,700,650,500,420,475,420,300,250,500,650,750,700,415,350,420,0,0,0,0,0,0,0,0,0,0,0,0,0,0,0,0,0,0,0,0,0,0,1,0,0,0,0,0,0,0,0,0,0,0,0,0,0,831,869,0,1
82800,8.9,0.2,0.3,0.6,0.6,0.2,0.6,0.7,0.6,0.3,0.6,0.2,8.9,5.9,4.5,1.4,3,1.7,0.9,61.099,61.097,61.098,61.098,61.098,61.098,61.098,61.098,61.098,61.098,61.098,61.098,61.098,61.098,61.098,61.098,61.098,61.098,61.098,89,2,3,6,6,2,6,7,6,3,6,2,89,59,45,14,30,17,9,700,830,920,1050,1100,1050,950,1020,1200,1300,1150,1000,800,900,920,970,900,1000,1150,500,870,880,770,700,650,500,420,475,420,300,250,500,650,750,700,415,350,420,0,0,0,0,0,0,0,0,0,0,0,0,0,0,0,0,0,0,0,0,0,0,1,0,0,0,0,0,0,0,0,0,0,0,0,0,0,831,869,0,1
83400,8.9,0.2,0.3,0.6,0.6,0.2,0.6,0.7,0.6,0.3,0.6,0.2,8.9,5.9,4.5,1.4,3,1.7,0.9,61.099,61.097,61.098,61.098,61.098,61.098,61.098,61.098,61.098,61.098,61.098,61.098,61.098,61.098,61.098,61.098,61.098,61.098,61.098,89,2,3,6,6,2,6,7,6,3,6,2,89,59,45,14,30,17,9,700,830,920,1050,1100,1050,950,1020,1200,1300,1150,1000,800,900,920,970,900,1000,1150,500,870,880,770,700,650,500,420,475,420,300,250,500,650,750,700,415,350,420,0,0,0,0,0,0,0,0,0,0,0,0,0,0,0,0,0,0,0,0,0,0,1,0,0,0,0,0,0,0,0,0,0,0,0,0,0,831,869,0,1
84000,8.9,0.2,0.3,0.6,0.6,0.2,0.6,0.7,0.6,0.3,0.6,0.2,8.9,5.9,4.5,1.4,3,1.7,0.9,61.099,61.097,61.098,61.098,61.098,61.098,61.098,61.098,61.098,61.098,61.098,61.098,61.098,61.098,61.098,61.098,61.098,61.098,61.098,89,2,3,6,6,2,6,7,6,3,6,2,89,59,45,14,30,17,9,700,830,920,1050,1100,1050,950,1020,1200,1300,1150,1000,800,900,920,970,900,1000,1150,500,870,880,770,700,650,500,420,475,420,300,250,500,650,750,700,415,350,420,0,0,0,0,0,0,0,0,0,0,0,0,0,0,0,0,0,0,0,0,0,0,1,0,0,0,0,0,0,0,0,0,0,0,0,0,0,831,869,0,1
84600,8.9,0.2,0.3,0.6,0.6,0.2,0.6,0.7,0.6,0.3,0.6,0.2,8.9,5.9,4.5,1.4,3,1.7,0.9,61.099,61.097,61.098,61.098,61.098,61.098,61.098,61.098,61.098,61.098,61.098,61.098,61.098,61.098,61.098,61.098,61.098,61.098,61.098,89,2,3,6,6,2,6,7,6,3,6,2,89,59,45,14,30,17,9,700,830,920,1050,1100,1050,950,1020,1200,1300,1150,1000,800,900,920,970,900,1000,1150,500,870,880,770,700,650,500,420,475,420,300,250,500,650,750,700,415,350,420,0,0,0,0,0,0,0,0,0,0,0,0,0,0,0,0,0,0,0,0,0,0,1,0,0,0,0,0,0,0,0,0,0,0,0,0,0,831,869,0,1
85200,8.9,0.2,0.3,0.6,0.6,0.2,0.6,0.7,0.6,0.3,0.6,0.2,8.9,5.9,4.5,1.4,3,1.7,0.9,61.099,61.097,61.098,61.098,61.098,61.098,61.098,61.098,61.098,61.098,61.098,61.098,61.098,61.098,61.098,61.098,61.098,61.098,61.098,89,2,3,6,6,2,6,7,6,3,6,2,89,59,45,14,30,17,9,700,830,920,1050,1100,1050,950,1020,1200,1300,1150,1000,800,900,920,970,900,1000,1150,500,870,880,770,700,650,500,420,475,420,300,250,500,650,750,700,415,350,420,0,0,0,0,0,0,0,0,0,0,0,0,0,0,0,0,0,0,0,0,0,0,1,0,0,0,0,0,0,0,0,0,0,0,0,0,0,831,869,0,1
85800,8.9,0.2,0.3,0.6,0.6,0.2,0.6,0.7,0.6,0.3,0.6,0.2,8.9,5.9,4.5,1.4,3,1.7,0.9,61.099,61.097,61.098,61.098,61.098,61.098,61.098,61.098,61.098,61.098,61.098,61.098,61.098,61.098,61.098,61.098,61.098,61.098,61.098,89,2,3,6,6,2,6,7,6,3,6,2,89,59,45,14,30,17,9,700,830,920,1050,1100,1050,950,1020,1200,1300,1150,1000,800,900,920,970,900,1000,1150,500,870,880,770,700,650,500,420,475,420,300,250,500,650,750,700,415,350,420,0,0,0,0,0,0,0,0,0,0,0,0,0,0,0,0,0,0,0,0,0,0,1,0,0,0,0,0,0,0,0,0,0,0,0,0,0,831,869,0,1
86400,7.7,0.2,0.1,0.5,0.3,0.2,0.5,0.5,0.5,0.2,0.5,0.2,7.7,5.3,4.3,1,2.4,1.4,0.7,27.846,27.844,27.845,27.845,27.845,27.845,27.845,27.845,27.845,27.845,27.845,27.845,27.845,27.845,27.845,27.845,27.845,27.845,27.845,77,2,1,5,3,2,5,5,5,2,5,2,77,53,43,10,24,14,7,700,830,920,1050,1100,1050,950,1020,1200,1300,1150,1000,800,900,920,970,900,1000,1150,500,870,880,770,700,650,500,420,475,420,300,250,500,650,750,700,415,350,420,0,0,0,0,0,0,0,0,0,0,0,0,0,0,0,0,0,0,0,0,0,0,1,0,0,0,0,0,0,0,0,0,0,0,0,0,0,831,869,0,1
