0,2.05,0.3,1,0.15,0.6,2.05,0.75,1.3,59.222,59.206,59.203,59.208,59.207,59.209,59.208,59.206,20.5,3,10,1.5,6,20.5,7.5,13,120,125,135,125,135,130,130,130,100,90,90,110,110,100,105,95,0,0,0,0,0,0,0,0,0,0,0,0,0,0,0,0,1
600,2.05,0.3,1,0.15,0.6,2.05,0.75,1.3,59.222,59.206,59.203,59.208,59.207,59.209,59.208,59.206,20.5,3,10,1.5,6,20.5,7.5,13,120,125,135,125,135,130,130,130,100,90,90,110,110,100,105,95,0,0,0,0,0,0,0,0,0,0,0,0,0,0,0,0,1
1200,2.05,0.3,1,0.15,0.6,2.05,0.75,1.3,59.222,59.206,59.203,59.208,59.207,59.209,59.208,59.206,20.5,3,10,1.5,6,20.5,7.5,13,120,125,135,125,135,130,130,130,100,90,90,110,110,100,105,95,0,0,0,0,0,0,0,0,0,0,0,0,0,0,0,0,1
1800,2.05,0.3,1,0.15,0.6,2.05,0.75,1.3,59.222,59.206,59.203,59.208,59.207,59.209,59.208,59.206,20.5,3,10,1.5,6,20.5,7.5,13,120,125,135,125,135,130,130,130,100,90,90,110,110,100,105,95,0,0,0,0,0,0,0,0,0,0,0,0,0,0,0,0,1
2400,2.05,0.3,1,0.15,0.6,2.05,0.75,1.3,59.222,59.206,59.203,59.208,59.207,59.209,59.208,59.206,20.5,3,10,1.5,6,20.5,7.5,13,120,125,135,125,135,130,130,130,100,90,90,110,110,100,105,95,0,0,0,0,0,0,0,0,0,0,0,0,0,0,0,0,1
3000,2.05,0.3,1,0.15,0.6,2.05,0.75,1.3,59.222,59.206,59.203,59.208,59.207,59.209,59.208,59.206,20.5,3,10,1.5,6,20.5,7.5,13,120,125,135,125,135,130,130,130,100,90,90,110,110,100,105,95,0,0,0,0,0,0,0,0,0,0,0,0,0,0,0,0,1
3600,2.2104,0.525,0.8532,0.15,0.6822,2.2104,0.8322,1.3782,59.537,59.518,59.517,59.521,59.52,59.523,59.521,59.519,22.104,5.25,8.532,1.5,6.822,22.104,8.322,13.782,120,125,135,125,135,130,130,130,100,90,90,110,110,100,105,95,0,0,0,0,0,0,0,0,0,0,0,0,0,0,0,0,1
4200,2.2104,0.525,0.8532,0.15,0.6822,2.2104,0.8322,1.3782,59.537,59.518,59.517,59.521,59.52,59.523,59.521,59.519,22.104,5.25,8.532,1.5,6.822,22.104,8.322,13.782,120,125,135,125,135,130,130,130,100,90,90,110,110,100,105,95,0,0,0,0,0,0,0,0,0,0,0,0,0,0,0,0,1
4800,2.2104,0.525,0.8532,0.15,0.6822,2.2104,0.8322,1.3782,59.537,59.518,59.517,59.521,59.52,59.523,59.521,59.519,22.104,5.25,8.532,1.5,6.822,22.104,8.322,13.782,120,125,135,125,135,130,130,130,100,90,90,110,110,100,105,95,0,0,0,0,0,0,0,0,0,0,0,0,0,0,0,0,1
5400,2.2104,0.525,0.8532,0.15,0.6822,2.2104,0.8322,1.3782,59.537,59.518,59.517,59.521,59.52,59.523,59.521,59.519,22.104,5.25,8.532,1.5,6.822,22.104,8.322,13.782,120,125,135,125,135,130,130,130,100,90,90,110,110,100,105,95,0,0,0,0,0,0,0,0,0,0,0,0,0,0,0,0,1
6000,2.2104,0.525,0.8532,0.15,0.6822,2.2104,0.8322,1.3782,59.537,59.518,59.517,59.521,59.52,59.523,59.521,59.519,22.104,5.25,8.532,1.5,6.822,22.104,8.322,13.782,120,125,135,125,135,130,130,130,100,90,90,110,110,100,105,95,0,0,0,0,0,0,0,0,0,0,0,0,0,0,0,0,1
6600,2.2104,0.525,0.8532,0.15,0.6822,2.2104,0.8322,1.3782,59.537,59.518,59.517,59.521,59.52,59.523,59.521,59.519,22.104,5.25,8.532,1.5,6.822,22.104,8.322,13.782,120,125,135,125,135,130,130,130,100,90,90,110,110,100,105,95,0,0,0,0,0,0,0,0,0,0,0,0,0,0,0,0,1
7200,2.2533,0.75,0.725,0,0.7774,2.2533,0.77826,1.475,59.604,59.583,59.583,59.587,59.585,59.588,59.587,59.585,22.533,7.5,7.25,0,7.774,22.533,7.7826,14.75,120,125,135,125,135,130,130,130,100,90,90,110,110,100,105,95,0,0,0,0,0,0,0,0,0,0,0,0,0,0,0,0,1
7800,2.253,0.75,0.725,0.00048288,0.7774,2.253,0.77799,1.475,59.604,59.583,59.583,59.587,59.585,59.588,59.587,59.585,22.53,7.5,7.25,0.0048288,7.774,22.53,7.7799,14.75,120,125,135,125,135,130,130,130,100,90,90,110,110,100,105,95,0,0,0,0,0,0,0,0,0,0,0,0,0,0,0,0,1
8400,2.2524,0.75,0.725,2.5159e-07,0.7774,2.2524,0.7774,1.475,59.604,59.583,59.583,59.587,59.585,59.588,59.587,59.585,22.524,7.5,7.25,2.5159e-06,7.774,22.524,7.774,14.75,120,125,135,125,135,130,130,130,100,90,90,110,110,100,105,95,0,0,0,0,0,0,0,0,0,0,0,0,0,0,0,0,1
9000,2.2532,0.75,0.725,0.00048288,0.7774,2.2532,0.77822,1.475,59.604,59.583,59.583,59.587,59.585,59.588,59.587,59.585,22.532,7.5,7.25,0.0048288,7.774,22.532,7.7822,14.75,120,125,135,125,135,130,130,130,100,90,90,110,110,100,105,95,0,0,0,0,0,0,0,0,0,0,0,0,0,0,0,0,1
9600,2.2524,0.75,0.725,2.5159e-07,0.7774,2.2524,0.7774,1.475,59.604,59.583,59.583,59.587,59.585,59.588,59.587,59.585,22.524,7.5,7.25,2.5159e-06,7.774,22.524,7.774,14.75,120,125,135,125,135,130,130,130,100,90,90,110,110,100,105,95,0,0,0,0,0,0,0,0,0,0,0,0,0,0,0,0,1
10200,2.253,0.75,0.725,0,0.7774,2.253,0.77801,1.475,59.604,59.583,59.583,59.587,59.585,59.588,59.587,59.585,22.53,7.5,7.25,0,7.774,22.53,7.7801,14.75,120,125,135,125,135,130,130,130,100,90,90,110,110,100,105,95,0,0,0,0,0,0,0,0,0,0,0,0,0,0,0,0,1
10800,2.4703,0.9519,0.6344,2.5159e-07,0.884,2.4703,0.884,1.5863,59.595,59.57,59.571,59.576,59.573,59.577,59.576,59.573,24.703,9.519,6.344,2.5159e-06,8.84,24.703,8.84,15.863,120,125,135,125,135,130,130,130,100,90,90,110,110,100,105,95,0,0,0,0,0,0,0,0,0,0,0,0,0,0,0,0,1
11400,2.471,0.9519,0.6344,0.00048288,0.884,2.471,0.88468,1.5863,59.595,59.57,59.571,59.576,59.573,59.577,59.576,59.573,24.71,9.519,6.344,0.0048288,8.84,24.71,8.8468,15.863,120,125,135,125,135,130,130,130,100,90,90,110,110,100,105,95,0,0,0,0,0,0,0,0,0,0,0,0,0,0,0,0,1
12000,2.4703,0.9519,0.6344,2.5159e-07,0.884,2.4703,0.884,1.5863,59.595,59.57,59.571,59.576,59.573,59.577,59.576,59.573,24.703,9.519,6.344,2.5159e-06,8.84,24.703,8.84,15.863,120,125,135,125,135,130,130,130,100,90,90,110,110,100,105,95,0,0,0,0,0,0,0,0,0,0,0,0,0,0,0,0,1
12600,2.4711,0.9519,0.6344,0.00048288,0.884,2.4711,0.88478,1.5863,59.595,59.57,59.571,59.575,59.573,59.577,59.575,59.573,24.711,9.519,6.344,0.0048288,8.84,24.711,8.8478,15.863,120,125,135,125,135,130,130,130,100,90,90,110,110,100,105,95,0,0,0,0,0,0,0,0,0,0,0,0,0,0,0,0,1
13200,2.4703,0.9519,0.6344,2.5159e-07,0.884,2.4703,0.884,1.5863,59.595,59.57,59.571,59.576,59.573,59.577,59.576,59.573,24.703,9.519,6.344,2.5159e-06,8.84,24.703,8.84,15.863,120,125,135,125,135,130,130,130,100,90,90,110,110,100,105,95,0,0,0,0,0,0,0,0,0,0,0,0,0,0,0,0,1
13800,2.4712,0.9519,0.6344,0.00048288,0.884,2.4712,0.88485,1.5863,59.595,59.57,59.571,59.575,59.573,59.577,59.575,59.573,24.712,9.519,6.344,0.0048288,8.84,24.712,8.8485,15.863,120,125,135,125,135,130,130,130,100,90,90,110,110,100,105,95,0,0,0,0,0,0,0,0,0,0,0,0,0,0,0,0,1
14400,3.55,1.2,0.6,0.75,1,3.55,1.75,1.8,58.867,58.821,58.825,58.824,58.823,58.832,58.826,58.826,35.5,12,6,7.5,10,35.5,17.5,18,120,125,135,125,135,130,130,130,100,90,90,110,110,100,105,95,0,0,0,0,0,0,0,0,0,0,0,0,0,0,0,0,1
15000,3.55,1.2,0.6,0.75,1,3.55,1.75,1.8,58.867,58.821,58.825,58.824,58.823,58.832,58.826,58.826,35.5,12,6,7.5,10,35.5,17.5,18,120,125,135,125,135,130,130,130,100,90,90,110,110,100,105,95,0,0,0,0,0,0,0,0,0,0,0,0,0,0,0,0,1
15600,3.55,1.2,0.6,0.75,1,3.55,1.75,1.8,58.867,58.821,58.825,58.824,58.823,58.832,58.826,58.826,35.5,12,6,7.5,10,35.5,17.5,18,120,125,135,125,135,130,130,130,100,90,90,110,110,100,105,95,0,0,0,0,0,0,0,0,0,0,0,0,0,0,0,0,1
16200,3.55,1.2,0.6,0.75,1,3.55,1.75,1.8,58.867,58.821,58.825,58.824,58.823,58.832,58.826,58.826,35.5,12,6,7.5,10,35.5,17.5,18,120,125,135,125,135,130,130,130,100,90,90,110,110,100,105,95,0,0,0,0,0,0,0,0,0,0,0,0,0,0,0,0,1
16800,3.55,1.2,0.6,0.75,1,3.55,1.75,1.8,58.867,58.821,58.825,58.824,58.823,58.832,58.826,58.826,35.5,12,6,7.5,10,35.5,17.5,18,120,125,135,125,135,130,130,130,100,90,90,110,110,100,105,95,0,0,0,0,0,0,0,0,0,0,0,0,0,0,0,0,1
17400,3.55,1.2,0.6,0.75,1,3.55,1.75,1.8,58.867,58.821,58.825,58.824,58.823,58.832,58.826,58.826,35.5,12,6,7.5,10,35.5,17.5,18,120,125,135,125,135,130,130,130,100,90,90,110,110,100,105,95,0,0,0,0,0,0,0,0,0,0,0,0,0,0,0,0,1
18000,5.0218,1.8078,0.6,1.5,1.114,5.0218,2.614,2.4078,56.871,56.784,56.793,56.786,56.789,56.804,56.793,56.795,50.218,18.078,6,15,11.14,50.218,26.14,24.078,120,125,135,125,135,130,130,130,100,90,90,110,110,100,105,95,0,0,0,0,0,0,0,0,0,0,0,0,0,0,0,0,1
18600,5.0218,1.8078,0.6,1.5,1.114,5.0218,2.614,2.4078,56.871,56.784,56.793,56.786,56.789,56.804,56.793,56.795,50.218,18.078,6,15,11.14,50.218,26.14,24.078,120,125,135,125,135,130,130,130,100,90,90,110,110,100,105,95,0,0,0,0,0,0,0,0,0,0,0,0,0,0,0,0,1
19200,5.0218,1.8078,0.6,1.5,1.114,5.0218,2.614,2.4078,56.871,56.784,56.793,56.786,56.789,56.804,56.793,56.795,50.218,18.078,6,15,11.14,50.218,26.14,24.078,120,125,135,125,135,130,130,130,100,90,90,110,110,100,105,95,0,0,0,0,0,0,0,0,0,0,0,0,0,0,0,0,1
19800,5.0218,1.8078,0.6,1.5,1.114,5.0218,2.614,2.4078,56.871,56.784,56.793,56.786,56.789,56.804,56.793,56.795,50.218,18.078,6,15,11.14,50.218,26.14,24.078,120,125,135,125,135,130,130,130,100,90,90,110,110,100,105,95,0,0,0,0,0,0,0,0,0,0,0,0,0,0,0,0,1
20400,5.0218,1.8078,0.6,1.5,1.114,5.0218,2.614,2.4078,56.871,56.784,56.793,56.786,56.789,56.804,56.793,56.795,50.218,18.078,6,15,11.14,50.218,26.14,24.078,120,125,135,125,135,130,130,130,100,90,90,110,110,100,105,95,0,0,0,0,0,0,0,0,0,0,0,0,0,0,0,0,1
21000,5.0218,1.8078,0.6,1.5,1.114,5.0218,2.614,2.4078,56.871,56.784,56.793,56.786,56.789,56.804,56.793,56.795,50.218,18.078,6,15,11.14,50.218,26.14,24.078,120,125,135,125,135,130,130,130,100,90,90,110,110,100,105,95,0,0,0,0,0,0,0,0,0,0,0,0,0,0,0,0,1
21600,6.2376,2.6039,0.6,1.8,1.2338,6.2376,3.0338,3.2039,54.813,54.678,54.696,54.689,54.694,54.714,54.699,54.698,62.376,26.039,6,18,12.338,62.376,30.338,32.039,120,125,135,125,135,130,130,130,100,90,90,110,110,100,105,95,0,0,0,0,0,0,0,0,0,0,0,0,0,0,0,0,1
22200,6.2376,2.6039,0.6,1.8,1.2338,6.2376,3.0338,3.2039,54.813,54.678,54.696,54.689,54.694,54.714,54.699,54.698,62.376,26.039,6,18,12.338,62.376,30.338,32.039,120,125,135,125,135,130,130,130,100,90,90,110,110,100,105,95,0,0,0,0,0,0,0,0,0,0,0,0,0,0,0,0,1
22800,6.2376,2.6039,0.6,1.8,1.2338,6.2376,3.0338,3.2039,54.813,54.678,54.696,54.689,54.694,54.714,54.699,54.698,62.376,26.039,6,18,12.338,62.376,30.338,32.039,120,125,135,125,135,130,130,130,100,90,90,110,110,100,105,95,0,0,0,0,0,0,0,0,0,0,0,0,0,0,0,0,1
23400,6.2376,2.6039,0.6,1.8,1.2338,6.2376,3.0338,3.2039,54.813,54.678,54.696,54.689,54.694,54.714,54.699,54.698,62.376,26.039,6,18,12.338,62.376,30.338,32.039,120,125,135,125,135,130,130,130,100,90,90,110,110,100,105,95,0,0,0,0,0,0,0,0,0,0,0,0,0,0,0,0,1
24000,6.2376,2.6039,0.6,1.8,1.2338,6.2376,3.0338,3.2039,54.813,54.678,54.696,54.689,54.694,54.714,54.699,54.698,62.376,26.039,6,18,12.338,62.376,30.338,32.039,120,125,135,125,135,130,130,130,100,90,90,110,110,100,105,95,0,0,0,0,0,0,0,0,0,0,0,0,0,0,0,0,1
24600,6.2376,2.6039,0.6,1.8,1.2338,6.2376,3.0338,3.2039,54.813,54.678,54.696,54.689,54.694,54.714,54.699,54.698,62.376,26.039,6,18,12.338,62.376,30.338,32.039,120,125,135,125,135,130,130,130,100,90,90,110,110,100,105,95,0,0,0,0,0,0,0,0,0,0,0,0,0,0,0,0,1
25200,7.0868,3,0.6,2.1,1.3868,7.0868,3.4868,3.6,51.611,51.439,51.463,51.453,51.46,51.485,51.466,51.465,70.868,30,6,21,13.868,70.868,34.868,36,120,125,135,125,135,130,130,130,100,90,90,110,110,100,105,95,0,0,0,0,0,0,0,0,0,0,0,0,0,0,0,0,1
25800,7.0868,3,0.6,2.1,1.3868,7.0868,3.4868,3.6,51.611,51.439,51.463,51.453,51.46,51.485,51.466,51.465,70.868,30,6,21,13.868,70.868,34.868,36,120,125,135,125,135,130,130,130,100,90,90,110,110,100,105,95,0,0,0,0,0,0,0,0,0,0,0,0,0,0,0,0,1
26400,7.0868,3,0.6,2.1,1.3868,7.0868,3.4868,3.6,51.611,51.439,51.463,51.453,51.46,51.485,51.466,51.465,70.868,30,6,21,13.868,70.868,34.868,36,120,125,135,125,135,130,130,130,100,90,90,110,110,100,105,95,0,0,0,0,0,0,0,0,0,0,0,0,0,0,0,0,1
27000,7.0868,3,0.6,2.1,1.3868,7.0868,3.4868,3.6,51.611,51.439,51.463,51.453,51.46,51.485,51.466,51.465,70.868,30,6,21,13.868,70.868,34.868,36,120,125,135,125,135,130,130,130,100,90,90,110,110,100,105,95,0,0,0,0,0,0,0,0,0,0,0,0,0,0,0,0,1
27600,7.0868,3,0.6,2.1,1.3868,7.0868,3.4868,3.6,51.611,51.439,51.463,51.453,51.46,51.485,51.466,51.465,70.868,30,6,21,13.868,70.868,34.868,36,120,125,135,125,135,130,130,130,100,90,90,110,110,100,105,95,0,0,0,0,0,0,0,0,0,0,0,0,0,0,0,0,1
28200,7.0868,3,0.6,2.1,1.3868,7.0868,3.4868,3.6,51.611,51.439,51.463,51.453,51.46,51.485,51.466,51.465,70.868,30,6,21,13.868,70.868,34.868,36,120,125,135,125,135,130,130,130,100,90,90,110,110,100,105,95,0,0,0,0,0,0,0,0,0,0,0,0,0,0,0,0,1
28800,7.7356,2.8356,0.6,2.7,1.6,7.7356,4.3,3.4356,47.821,47.631,47.653,47.623,47.637,47.672,47.645,47.654,77.356,28.356,6,27,16,77.356,43,34.356,120,125,135,125,135,130,130,130,100,90,90,110,110,100,105,95,0,0,0,0,0,0,0,0,0,0,0,0,0,0,0,0,1
29400,7.7356,2.8356,0.6,2.7,1.6,7.7356,4.3,3.4356,47.821,47.631,47.653,47.623,47.637,47.672,47.645,47.654,77.356,28.356,6,27,16,77.356,43,34.356,120,125,135,125,135,130,130,130,100,90,90,110,110,100,105,95,0,0,0,0,0,0,0,0,0,0,0,0,0,0,0,0,1
30000,7.7356,2.8356,0.6,2.7,1.6,7.7356,4.3,3.4356,47.821,47.631,47.653,47.623,47.637,47.672,47.645,47.654,77.356,28.356,6,27,16,77.356,43,34.356,120,125,135,125,135,130,130,130,100,90,90,110,110,100,105,95,0,0,0,0,0,0,0,0,0,0,0,0,0,0,0,0,1
30600,7.7356,2.8356,0.6,2.7,1.6,7.7356,4.3,3.4356,47.821,47.631,47.653,47.623,47.637,47.672,47.645,47.654,77.356,28.356,6,27,16,77.356,43,34.356,120,125,135,125,135,130,130,130,100,90,90,110,110,100,105,95,0,0,0,0,0,0,0,0,0,0,0,0,0,0,0,0,1
31200,7.7356,2.8356,0.6,2.7,1.6,7.7356,4.3,3.4356,47.821,47.631,47.653,47.623,47.637,47.672,47.645,47.654,77.356,28.356,6,27,16,77.356,43,34.356,120,125,135,125,135,130,130,130,100,90,90,110,110,100,105,95,0,0,0,0,0,0,0,0,0,0,0,0,0,0,0,0,1
31800,7.7356,2.8356,0.6,2.7,1.6,7.7356,4.3,3.4356,47.821,47.631,47.653,47.623,47.637,47.672,47.645,47.654,77.356,28.356,6,27,16,77.356,43,34.356,120,125,135,125,135,130,130,130,100,90,90,110,110,100,105,95,0,0,0,0,0,0,0,0,0,0,0,0,0,0,0,0,1
32400,7.9613,2.449,1.4814,1.8,2.2308,7.9613,4.0308,3.9304,49.587,49.389,49.4,49.396,49.391,49.431,49.406,49.407,79.613,24.49,14.814,18,22.308,79.613,40.308,39.304,120,125,135,125,135,130,130,130,100,90,90,110,110,100,105,95,0,0,0,0,0,0,0,0,0,0,0,0,0,0,0,0,1
33000,7.9613,2.449,1.4814,1.8,2.2308,7.9613,4.0308,3.9304,49.587,49.389,49.4,49.396,49.391,49.431,49.406,49.407,79.613,24.49,14.814,18,22.308,79.613,40.308,39.304,120,125,135,125,135,130,130,130,100,90,90,110,110,100,105,95,0,0,0,0,0,0,0,0,0,0,0,0,0,0,0,0,1
33600,7.9613,2.449,1.4814,1.8,2.2308,7.9613,4.0308,3.9304,49.587,49.389,49.4,49.396,49.391,49.431,49.406,49.407,79.613,24.49,14.814,18,22.308,79.613,40.308,39.304,120,125,135,125,135,130,130,130,100,90,90,110,110,100,105,95,0,0,0,0,0,0,0,0,0,0,0,0,0,0,0,0,1
34200,7.9613,2.449,1.4814,1.8,2.2308,7.9613,4.0308,3.9304,49.587,49.389,49.4,49.396,49.391,49.431,49.406,49.407,79.613,24.49,14.814,18,22.308,79.613,40.308,39.304,120,125,135,125,135,130,130,130,100,90,90,110,110,100,105,95,0,0,0,0,0,0,0,0,0,0,0,0,0,0,0,0,1
34800,7.9613,2.449,1.4814,1.8,2.2308,7.9613,4.0308,3.9304,49.587,49.389,49.4,49.396,49.391,49.431,49.406,49.407,79.613,24.49,14.814,18,22.308,79.613,40.308,39.304,120,125,135,125,135,130,130,130,100,90,90,110,110,100,105,95,0,0,0,0,0,0,0,0,0,0,0,0,0,0,0,0,1
35400,7.9613,2.449,1.4814,1.8,2.2308,7.9613,4.0308,3.9304,49.587,49.389,49.4,49.396,49.391,49.431,49.406,49.407,79.613,24.49,14.814,18,22.308,79.613,40.308,39.304,120,125,135,125,135,130,130,130,100,90,90,110,110,100,105,95,0,0,0,0,0,0,0,0,0,0,0,0,0,0,0,0,1
36000,9.7568,2.0006,3.1186,1.5,3.1376,9.7568,4.6376,5.1192,49.879,49.6,49.585,49.612,49.591,49.651,49.619,49.612,97.568,20.006,31.186,15,31.376,97.568,46.376,51.192,120,125,135,125,135,130,130,130,100,90,90,110,110,100,105,95,0,0,0,0,0,0,0,0,0,0,0,0,0,0,0,0,1
36600,9.7568,2.0006,3.1186,1.5,3.1376,9.7568,4.6376,5.1192,49.879,49.6,49.585,49.612,49.591,49.651,49.619,49.612,97.568,20.006,31.186,15,31.376,97.568,46.376,51.192,120,125,135,125,135,130,130,130,100,90,90,110,110,100,105,95,0,0,0,0,0,0,0,0,0,0,0,0,0,0,0,0,1
37200,9.7568,2.0006,3.1186,1.5,3.1376,9.7568,4.6376,5.1192,49.879,49.6,49.585,49.612,49.591,49.651,49.619,49.612,97.568,20.006,31.186,15,31.376,97.568,46.376,51.192,120,125,135,125,135,130,130,130,100,90,90,110,110,100,105,95,0,0,0,0,0,0,0,0,0,0,0,0,0,0,0,0,1
37800,9.7568,2.0006,3.1186,1.5,3.1376,9.7568,4.6376,5.1192,49.879,49.6,49.585,49.612,49.591,49.651,49.619,49.612,97.568,20.006,31.186,15,31.376,97.568,46.376,51.192,120,125,135,125,135,130,130,130,100,90,90,110,110,100,105,95,0,0,0,0,0,0,0,0,0,0,0,0,0,0,0,0,1
38400,9.7568,2.0006,3.1186,1.5,3.1376,9.7568,4.6376,5.1192,49.879,49.6,49.585,49.612,49.591,49.651,49.619,49.612,97.568,20.006,31.186,15,31.376,97.568,46.376,51.192,120,125,135,125,135,130,130,130,100,90,90,110,110,100,105,95,0,0,0,0,0,0,0,0,0,0,0,0,0,0,0,0,1
39000,9.7568,2.0006,3.1186,1.5,3.1376,9.7568,4.6376,5.1192,49.879,49.6,49.585,49.612,49.591,49.651,49.619,49.612,97.568,20.006,31.186,15,31.376,97.568,46.376,51.192,120,125,135,125,135,130,130,130,100,90,90,110,110,100,105,95,0,0,0,0,0,0,0,0,0,0,0,0,0,0,0,0,1
39600,10.75,1.65,4,1.5,3.6,10.75,5.1,5.65,45.872,45.544,45.508,45.553,45.524,45.598,45.56,45.552,107.5,16.5,40,15,36,107.5,51,56.5,120,125,135,125,135,130,130,130,100,90,90,110,110,100,105,95,0,0,0,0,0,0,0,0,0,0,0,0,0,0,0,0,1
40200,10.75,1.65,4,1.5,3.6,10.75,5.1,5.65,45.872,45.544,45.508,45.553,45.524,45.598,45.56,45.552,107.5,16.5,40,15,36,107.5,51,56.5,120,125,135,125,135,130,130,130,100,90,90,110,110,100,105,95,0,0,0,0,0,0,0,0,0,0,0,0,0,0,0,0,1
40800,10.75,1.65,4,1.5,3.6,10.75,5.1,5.65,45.872,45.544,45.508,45.553,45.524,45.598,45.56,45.552,107.5,16.5,40,15,36,107.5,51,56.5,120,125,135,125,135,130,130,130,100,90,90,110,110,100,105,95,0,0,0,0,0,0,0,0,0,0,0,0,0,0,0,0,1
41400,10.75,1.65,4,1.5,3.6,10.75,5.1,5.65,45.872,45.544,45.508,45.553,45.524,45.598,45.56,45.552,107.5,16.5,40,15,36,107.5,51,56.5,120,125,135,125,135,130,130,130,100,90,90,110,110,100,105,95,0,0,0,0,0,0,0,0,0,0,0,0,0,0,0,0,1
42000,10.75,1.65,4,1.5,3.6,10.75,5.1,5.65,45.872,45.544,45.508,45.553,45.524,45.598,45.56,45.552,107.5,16.5,40,15,36,107.5,51,56.5,120,125,135,125,135,130,130,130,100,90,90,110,110,100,105,95,0,0,0,0,0,0,0,0,0,0,0,0,0,0,0,0,1
42600,10.75,1.65,4,1.5,3.6,10.75,5.1,5.65,45.872,45.544,45.508,45.553,45.524,45.598,45.56,45.552,107.5,16.5,40,15,36,107.5,51,56.5,120,125,135,125,135,130,130,130,100,90,90,110,110,100,105,95,0,0,0,0,0,0,0,0,0,0,0,0,0,0,0,0,1
43200,14.85,1.3842,3.7408,2.25,3.4746,14.85,5.7246,9.125,40.78,40.165,40.022,40.22,40.202,40.283,40.235,40.171,148.5,13.842,37.408,22.5,34.746,148.5,57.246,91.25,120,125,135,125,135,130,130,130,100,90,90,110,110,100,105,95,0,0,0,0,0,0,0,0,0,0,1,0,0,135,91,0,1
43800,14.85,1.3842,3.7408,2.25,3.4746,14.85,5.7246,9.125,40.78,40.165,40.022,40.22,40.202,40.283,40.235,40.171,148.5,13.842,37.408,22.5,34.746,148.5,57.246,91.25,120,125,135,125,135,130,130,130,100,90,90,110,110,100,105,95,0,0,0,0,0,0,0,0,0,0,1,0,0,135,91,0,1
44400,14.85,1.3842,3.7408,2.25,3.4746,14.85,5.7246,9.125,40.78,40.165,40.022,40.22,40.202,40.283,40.235,40.171,148.5,13.842,37.408,22.5,34.746,148.5,57.246,91.25,120,125,135,125,135,130,130,130,100,90,90,110,110,100,105,95,0,0,0,0,0,0,0,0,0,0,1,0,0,135,91,0,1
45000,14.85,1.3842,3.7408,2.25,3.4746,14.85,5.7246,9.125,40.78,40.165,40.022,40.22,40.202,40.283,40.235,40.171,148.5,13.842,37.408,22.5,34.746,148.5,57.246,91.25,120,125,135,125,135,130,130,130,100,90,90,110,110,100,105,95,0,0,0,0,0,0,0,0,0,0,1,0,0,135,91,0,1
45600,14.85,1.3842,3.7408,2.25,3.4746,14.85,5.7246,9.125,40.78,40.165,40.022,40.22,40.202,40.283,40.235,40.171,148.5,13.842,37.408,22.5,34.746,148.5,57.246,91.25,120,125,135,125,135,130,130,130,100,90,90,110,110,100,105,95,0,0,0,0,0,0,0,0,0,0,1,0,0,135,91,0,1
46200,14.85,1.3842,3.7408,2.25,3.4746,14.85,5.7246,9.125,40.78,40.165,40.022,40.22,40.202,40.283,40.235,40.171,148.5,13.842,37.408,22.5,34.746,148.5,57.246,91.25,120,125,135,125,135,130,130,130,100,90,90,110,110,100,105,95,0,0,0,0,0,0,0,0,0,0,1,0,0,135,91,0,1
46800,14.325,1.1504,3.2592,2.7,3.2158,14.325,5.9158,8.4095,43.53,42.964,42.836,42.993,42.985,43.064,43.014,42.968,143.25,11.504,32.592,27,32.158,143.25,59.158,84.095,120,125,135,125,135,130,130,130,100,90,90,110,110,100,105,95,0,0,0,0,0,0,0,0,0,0,1,0,0,135,91,0,1
47400,14.325,1.1504,3.2592,2.7,3.2158,14.325,5.9158,8.4095,43.53,42.964,42.836,42.993,42.985,43.064,43.014,42.968,143.25,11.504,32.592,27,32.158,143.25,59.158,84.095,120,125,135,125,135,130,130,130,100,90,90,110,110,100,105,95,0,0,0,0,0,0,0,0,0,0,1,0,0,135,91,0,1
48000,14.325,1.1504,3.2592,2.7,3.2158,14.325,5.9158,8.4095,43.53,42.964,42.836,42.993,42.985,43.064,43.014,42.968,143.25,11.504,32.592,27,32.158,143.25,59.158,84.095,120,125,135,125,135,130,130,130,100,90,90,110,110,100,105,95,0,0,0,0,0,0,0,0,0,0,1,0,0,135,91,0,1
48600,14.325,1.1504,3.2592,2.7,3.2158,14.325,5.9158,8.4095,43.53,42.964,42.836,42.993,42.985,43.064,43.014,42.968,143.25,11.504,32.592,27,32.158,143.25,59.158,84.095,120,125,135,125,135,130,130,130,100,90,90,110,110,100,105,95,0,0,0,0,0,0,0,0,0,0,1,0,0,135,91,0,1
49200,14.325,1.1504,3.2592,2.7,3.2158,14.325,5.9158,8.4095,43.53,42.964,42.836,42.993,42.985,43.064,43.014,42.968,143.25,11.504,32.592,27,32.158,143.25,59.158,84.095,120,125,135,125,135,130,130,130,100,90,90,110,110,100,105,95,0,0,0,0,0,0,0,0,0,0,1,0,0,135,91,0,1
49800,14.325,1.1504,3.2592,2.7,3.2158,14.325,5.9158,8.4095,43.53,42.964,42.836,42.993,42.985,43.064,43.014,42.968,143.25,11.504,32.592,27,32.158,143.25,59.158,84.095,120,125,135,125,135,130,130,130,100,90,90,110,110,100,105,95,0,0,0,0,0,0,0,0,0,0,1,0,0,135,91,0,1
50400,14.2,1.05,3,3.15,3,14.2,6.15,8.05,47.388,46.837,46.718,46.848,46.85,46.93,46.876,46.841,142,10.5,30,31.5,30,142,61.5,80.5,120,125,135,125,135,130,130,130,100,90,90,110,110,100,105,95,0,0,0,0,0,0,0,0,0,0,1,0,0,135,91,0,1
51000,14.2,1.05,3,3.15,3,14.2,6.15,8.05,47.388,46.837,46.718,46.848,46.85,46.93,46.876,46.841,142,10.5,30,31.5,30,142,61.5,80.5,120,125,135,125,135,130,130,130,100,90,90,110,110,100,105,95,0,0,0,0,0,0,0,0,0,0,1,0,0,135,91,0,1
51600,14.2,1.05,3,3.15,3,14.2,6.15,8.05,47.388,46.837,46.718,46.848,46.85,46.93,46.876,46.841,142,10.5,30,31.5,30,142,61.5,80.5,120,125,135,125,135,130,130,130,100,90,90,110,110,100,105,95,0,0,0,0,0,0,0,0,0,0,1,0,0,135,91,0,1
52200,14.2,1.05,3,3.15,3,14.2,6.15,8.05,47.388,46.837,46.718,46.848,46.85,46.93,46.876,46.841,142,10.5,30,31.5,30,142,61.5,80.5,120,125,135,125,135,130,130,130,100,90,90,110,110,100,105,95,0,0,0,0,0,0,0,0,0,0,1,0,0,135,91,0,1
52800,14.2,1.05,3,3.15,3,14.2,6.15,8.05,47.388,46.837,46.718,46.848,46.85,46.93,46.876,46.841,142,10.5,30,31.5,30,142,61.5,80.5,120,125,135,125,135,130,130,130,100,90,90,110,110,100,105,95,0,0,0,0,0,0,0,0,0,0,1,0,0,135,91,0,1
53400,14.2,1.05,3,3.15,3,14.2,6.15,8.05,47.388,46.837,46.718,46.848,46.85,46.93,46.876,46.841,142,10.5,30,31.5,30,142,61.5,80.5,120,125,135,125,135,130,130,130,100,90,90,110,110,100,105,95,0,0,0,0,0,0,0,0,0,0,1,0,0,135,91,0,1
54000,15.194,1.1742,3.375,3.75,2.895,15.194,6.645,8.5492,48.538,47.915,47.784,47.917,47.932,48.018,47.956,47.919,151.94,11.742,33.75,37.5,28.95,151.94,66.45,85.492,120,125,135,125,135,130,130,130,100,90,90,110,110,100,105,95,0,0,0,0,0,0,0,0,0,0,1,0,0,135,91,0,1
54600,15.194,1.1742,3.375,3.75,2.895,15.194,6.645,8.5492,48.538,47.915,47.784,47.917,47.932,48.018,47.956,47.919,151.94,11.742,33.75,37.5,28.95,151.94,66.45,85.492,120,125,135,125,135,130,130,130,100,90,90,110,110,100,105,95,0,0,0,0,0,0,0,0,0,0,1,0,0,135,91,0,1
55200,15.194,1.1742,3.375,3.75,2.895,15.194,6.645,8.5492,48.538,47.915,47.784,47.917,47.932,48.018,47.956,47.919,151.94,11.742,33.75,37.5,28.95,151.94,66.45,85.492,120,125,135,125,135,130,130,130,100,90,90,110,110,100,105,95,0,0,0,0,0,0,0,0,0,0,1,0,0,135,91,0,1
55800,15.194,1.1742,3.375,3.75,2.895,15.194,6.645,8.5492,48.538,47.915,47.784,47.917,47.932,48.018,47.956,47.919,151.94,11.742,33.75,37.5,28.95,151.94,66.45,85.492,120,125,135,125,135,130,130,130,100,90,90,110,110,100,105,95,0,0,0,0,0,0,0,0,0,0,1,0,0,135,91,0,1
56400,15.194,1.1742,3.375,3.75,2.895,15.194,6.645,8.5492,48.538,47.915,47.784,47.917,47.932,48.018,47.956,47.919,151.94,11.742,33.75,37.5,28.95,151.94,66.45,85.492,120,125,135,125,135,130,130,130,100,90,90,110,110,100,105,95,0,0,0,0,0,0,0,0,0,0,1,0,0,135,91,0,1
57000,15.194,1.1742,3.375,3.75,2.895,15.194,6.645,8.5492,48.538,47.915,47.784,47.917,47.932,48.018,47.956,47.919,151.94,11.742,33.75,37.5,28.95,151.94,66.45,85.492,120,125,135,125,135,130,130,130,100,90,90,110,110,100,105,95,0,0,0,0,0,0,0,0,0,0,1,0,0,135,91,0,1
57600,16.703,1.4813,4.2,4.2,2.8222,16.703,7.0222,9.6813,48.44,47.69,47.532,47.705,47.73,47.822,47.753,47.697,167.03,14.813,42,42,28.222,167.03,70.222,96.813,120,125,135,125,135,130,130,130,100,90,90,110,110,100,105,95,0,0,0,0,0,0,0,0,0,0,1,0,0,135,91,0,1
58200,16.703,1.4813,4.2,4.2,2.8222,16.703,7.0222,9.6813,48.44,47.69,47.532,47.705,47.73,47.822,47.753,47.697,167.03,14.813,42,42,28.222,167.03,70.222,96.813,120,125,135,125,135,130,130,130,100,90,90,110,110,100,105,95,0,0,0,0,0,0,0,0,0,0,1,0,0,135,91,0,1
58800,16.703,1.4813,4.2,4.2,2.8222,16.703,7.0222,9.6813,48.44,47.69,47.532,47.705,47.73,47.822,47.753,47.697,167.03,14.813,42,42,28.222,167.03,70.222,96.813,120,125,135,125,135,130,130,130,100,90,90,110,110,100,105,95,0,0,0,0,0,0,0,0,0,0,1,0,0,135,91,0,1
59400,16.703,1.4813,4.2,4.2,2.8222,16.703,7.0222,9.6813,48.44,47.69,47.532,47.705,47.73,47.822,47.753,47.697,167.03,14.813,42,42,28.222,167.03,70.222,96.813,120,125,135,125,135,130,130,130,100,90,90,110,110,100,105,95,0,0,0,0,0,0,0,0,0,0,1,0,0,135,91,0,1
60000,16.703,1.4813,4.2,4.2,2.8222,16.703,7.0222,9.6813,48.44,47.69,47.532,47.705,47.73,47.822,47.753,47.697,167.03,14.813,42,42,28.222,167.03,70.222,96.813,120,125,135,125,135,130,130,130,100,90,90,110,110,100,105,95,0,0,0,0,0,0,0,0,0,0,1,0,0,135,91,0,1
60600,16.703,1.4813,4.2,4.2,2.8222,16.703,7.0222,9.6813,48.44,47.69,47.532,47.705,47.73,47.822,47.753,47.697,167.03,14.813,42,42,28.222,167.03,70.222,96.813,120,125,135,125,135,130,130,130,100,90,90,110,110,100,105,95,0,0,0,0,0,0,0,0,0,0,1,0,0,135,91,0,1
61200,18.136,1.8726,5.025,4.5,2.7384,18.136,7.2384,10.898,47.499,46.612,46.426,46.651,46.684,46.778,46.706,46.623,181.36,18.726,50.25,45,27.384,181.36,72.384,108.98,120,125,135,125,135,130,130,130,100,90,90,110,110,100,105,95,0,0,0,0,0,0,0,0,0,0,1,0,0,135,91,0,1
61800,18.136,1.8726,5.025,4.5,2.7384,18.136,7.2384,10.898,47.499,46.612,46.426,46.651,46.684,46.778,46.706,46.623,181.36,18.726,50.25,45,27.384,181.36,72.384,108.98,120,125,135,125,135,130,130,130,100,90,90,110,110,100,105,95,0,0,0,0,0,0,0,0,0,0,1,0,0,135,91,0,1
62400,18.136,1.8726,5.025,4.5,2.7384,18.136,7.2384,10.898,47.499,46.612,46.426,46.651,46.684,46.778,46.706,46.623,181.36,18.726,50.25,45,27.384,181.36,72.384,108.98,120,125,135,125,135,130,130,130,100,90,90,110,110,100,105,95,0,0,0,0,0,0,0,0,0,0,1,0,0,135,91,0,1
63000,18.136,1.8726,5.025,4.5,2.7384,18.136,7.2384,10.898,47.499,46.612,46.426,46.651,46.684,46.778,46.706,46.623,181.36,18.726,50.25,45,27.384,181.36,72.384,108.98,120,125,135,125,135,130,130,130,100,90,90,110,110,100,105,95,0,0,0,0,0,0,0,0,0,0,1,0,0,135,91,0,1
63600,18.136,1.8726,5.025,4.5,2.7384,18.136,7.2384,10.898,47.499,46.612,46.426,46.651,46.684,46.778,46.706,46.623,181.36,18.726,50.25,45,27.384,181.36,72.384,108.98,120,125,135,125,135,130,130,130,100,90,90,110,110,100,105,95,0,0,0,0,0,0,0,0,0,0,1,0,0,135,91,0,1
64200,18.136,1.8726,5.025,4.5,2.7384,18.136,7.2384,10.898,47.499,46.612,46.426,46.651,46.684,46.778,46.706,46.623,181.36,18.726,50.25,45,27.384,181.36,72.384,108.98,120,125,135,125,135,130,130,130,100,90,90,110,110,100,105,95,0,0,0,0,0,0,0,0,0,0,1,0,0,135,91,0,1
64800,18.45,2.25,5.4,4.2,2.6,18.45,6.8,11.65,45.629,44.694,44.496,44.772,44.8,44.885,44.82,44.709,184.5,22.5,54,42,26,184.5,68,116.5,120,125,135,125,135,130,130,130,100,90,90,110,110,100,105,95,0,0,0,0,0,0,0,0,0,0,1,0,0,135,91,0,1
65400,18.45,2.25,5.4,4.2,2.6,18.45,6.8,11.65,45.629,44.694,44.496,44.772,44.8,44.885,44.82,44.709,184.5,22.5,54,42,26,184.5,68,116.5,120,125,135,125,135,130,130,130,100,90,90,110,110,100,105,95,0,0,0,0,0,0,0,0,0,0,1,0,0,135,91,0,1
66000,18.45,2.25,5.4,4.2,2.6,18.45,6.8,11.65,45.629,44.694,44.496,44.772,44.8,44.885,44.82,44.709,184.5,22.5,54,42,26,184.5,68,116.5,120,125,135,125,135,130,130,130,100,90,90,110,110,100,105,95,0,0,0,0,0,0,0,0,0,0,1,0,0,135,91,0,1
66600,18.45,2.25,5.4,4.2,2.6,18.45,6.8,11.65,45.629,44.694,44.496,44.772,44.8,44.885,44.82,44.709,184.5,22.5,54,42,26,184.5,68,116.5,120,125,135,125,135,130,130,130,100,90,90,110,110,100,105,95,0,0,0,0,0,0,0,0,0,0,1,0,0,135,91,0,1
67200,18.45,2.25,5.4,4.2,2.6,18.45,6.8,11.65,45.629,44.694,44.496,44.772,44.8,44.885,44.82,44.709,184.5,22.5,54,42,26,184.5,68,116.5,120,125,135,125,135,130,130,130,100,90,90,110,110,100,105,95,0,0,0,0,0,0,0,0,0,0,1,0,0,135,91,0,1
67800,18.45,2.25,5.4,4.2,2.6,18.45,6.8,11.65,45.629,44.694,44.496,44.772,44.8,44.885,44.82,44.709,184.5,22.5,54,42,26,184.5,68,116.5,120,125,135,125,135,130,130,130,100,90,90,110,110,100,105,95,0,0,0,0,0,0,0,0,0,0,1,0,0,135,91,0,1
68400,16.285,2.7093,3.5662,3.9,2.1098,16.285,6.0098,10.275,43.414,42.663,42.542,42.73,42.759,42.824,42.772,42.684,162.85,27.093,35.662,39,21.098,162.85,60.098,102.75,120,125,135,125,135,130,130,130,100,90,90,110,110,100,105,95,0,0,0,0,0,0,0,0,0,0,1,0,0,135,91,0,1
69000,16.285,2.7093,3.5662,3.9,2.1098,16.285,6.0098,10.275,43.414,42.663,42.542,42.73,42.759,42.824,42.772,42.684,162.85,27.093,35.662,39,21.098,162.85,60.098,102.75,120,125,135,125,135,130,130,130,100,90,90,110,110,100,105,95,0,0,0,0,0,0,0,0,0,0,1,0,0,135,91,0,1
69600,16.285,2.7093,3.5662,3.9,2.1098,16.285,6.0098,10.275,43.414,42.663,42.542,42.73,42.759,42.824,42.772,42.684,162.85,27.093,35.662,39,21.098,162.85,60.098,102.75,120,125,135,125,135,130,130,130,100,90,90,110,110,100,105,95,0,0,0,0,0,0,0,0,0,0,1,0,0,135,91,0,1
70200,16.285,2.7093,3.5662,3.9,2.1098,16.285,6.0098,10.275,43.414,42.663,42.542,42.73,42.759,42.824,42.772,42.684,162.85,27.093,35.662,39,21.098,162.85,60.098,102.75,120,125,135,125,135,130,130,130,100,90,90,110,110,100,105,95,0,0,0,0,0,0,0,0,0,0,1,0,0,135,91,0,1
70800,16.285,2.7093,3.5662,3.9,2.1098,16.285,6.0098,10.275,43.414,42.663,42.542,42.73,42.759,42.824,42.772,42.684,162.85,27.093,35.662,39,21.098,162.85,60.098,102.75,120,125,135,125,135,130,130,130,100,90,90,110,110,100,105,95,0,0,0,0,0,0,0,0,0,0,1,0,0,135,91,0,1
71400,16.285,2.7093,3.5662,3.9,2.1098,16.285,6.0098,10.275,43.414,42.663,42.542,42.73,42.759,42.824,42.772,42.684,162.85,27.093,35.662,39,21.098,162.85,60.098,102.75,120,125,135,125,135,130,130,130,100,90,90,110,110,100,105,95,0,0,0,0,0,0,0,0,0,0,1,0,0,135,91,0,1
72000,13.2,3,1.6,3,1.6,13.2,4.6,8.6,46.999,46.473,46.417,46.541,46.559,46.599,46.567,46.498,132,30,16,30,16,132,46,86,120,125,135,125,135,130,130,130,100,90,90,110,110,100,105,95,0,0,0,0,0,0,0,0,0,0,1,0,0,135,91,0,1
72600,13.2,3,1.6,3,1.6,13.2,4.6,8.6,46.999,46.473,46.417,46.541,46.559,46.599,46.567,46.498,132,30,16,30,16,132,46,86,120,125,135,125,135,130,130,130,100,90,90,110,110,100,105,95,0,0,0,0,0,0,0,0,0,0,1,0,0,135,91,0,1
73200,13.2,3,1.6,3,1.6,13.2,4.6,8.6,46.999,46.473,46.417,46.541,46.559,46.599,46.567,46.498,132,30,16,30,16,132,46,86,120,125,135,125,135,130,130,130,100,90,90,110,110,100,105,95,0,0,0,0,0,0,0,0,0,0,1,0,0,135,91,0,1
73800,13.2,3,1.6,3,1.6,13.2,4.6,8.6,46.999,46.473,46.417,46.541,46.559,46.599,46.567,46.498,132,30,16,30,16,132,46,86,120,125,135,125,135,130,130,130,100,90,90,110,110,100,105,95,0,0,0,0,0,0,0,0,0,0,1,0,0,135,91,0,1
74400,13.2,3,1.6,3,1.6,13.2,4.6,8.6,46.999,46.473,46.417,46.541,46.559,46.599,46.567,46.498,132,30,16,30,16,132,46,86,120,125,135,125,135,130,130,130,100,90,90,110,110,100,105,95,0,0,0,0,0,0,0,0,0,0,1,0,0,135,91,0,1
75000,13.2,3,1.6,3,1.6,13.2,4.6,8.6,46.999,46.473,46.417,46.541,46.559,46.599,46.567,46.498,132,30,16,30,16,132,46,86,120,125,135,125,135,130,130,130,100,90,90,110,110,100,105,95,0,0,0,0,0,0,0,0,0,0,1,0,0,135,91,0,1
75600,10.948,2.67,1.3788,1.5,1.399,10.948,2.899,8.0488,52.662,52.269,52.215,52.358,52.359,52.379,52.365,52.29,109.48,26.7,13.788,15,13.99,109.48,28.99,80.488,120,125,135,125,135,130,130,130,100,90,90,110,110,100,105,95,0,0,0,0,0,0,0,0,0,0,1,0,0,135,91,0,1
76200,10.948,2.67,1.3788,1.5,1.399,10.948,2.899,8.0488,52.662,52.269,52.215,52.358,52.359,52.379,52.365,52.29,109.48,26.7,13.788,15,13.99,109.48,28.99,80.488,120,125,135,125,135,130,130,130,100,90,90,110,110,100,105,95,0,0,0,0,0,0,0,0,0,0,1,0,0,135,91,0,1
76800,10.948,2.67,1.3788,1.5,1.399,10.948,2.899,8.0488,52.662,52.269,52.215,52.358,52.359,52.379,52.365,52.29,109.48,26.7,13.788,15,13.99,109.48,28.99,80.488,120,125,135,125,135,130,130,130,100,90,90,110,110,100,105,95,0,0,0,0,0,0,0,0,0,0,1,0,0,135,91,0,1
77400,10.948,2.67,1.3788,1.5,1.399,10.948,2.899,8.0488,52.662,52.269,52.215,52.358,52.359,52.379,52.365,52.29,109.48,26.7,13.788,15,13.99,109.48,28.99,80.488,120,125,135,125,135,130,130,130,100,90,90,110,110,100,105,95,0,0,0,0,0,0,0,0,0,0,1,0,0,135,91,0,1
78000,10.948,2.67,1.3788,1.5,1.399,10.948,2.899,8.0488,52.662,52.269,52.215,52.358,52.359,52.379,52.365,52.29,109.48,26.7,13.788,15,13.99,109.48,28.99,80.488,120,125,135,125,135,130,130,130,100,90,90,110,110,100,105,95,0,0,0,0,0,0,0,0,0,0,1,0,0,135,91,0,1
78600,10.948,2.67,1.3788,1.5,1.399,10.948,2.899,8.0488,52.662,52.269,52.215,52.358,52.359,52.379,52.365,52.29,109.48,26.7,13.788,15,13.99,109.48,28.99,80.488,120,125,135,125,135,130,130,130,100,90,90,110,110,100,105,95,0,0,0,0,0,0,0,0,0,0,1,0,0,135,91,0,1
79200,8.99,1.74,1.245,0.75,1.255,8.99,2.005,6.985,56.09,55.816,55.753,55.885,55.882,55.894,55.887,55.825,89.9,17.4,12.45,7.5,12.55,89.9,20.05,69.85,120,125,135,125,135,130,130,130,100,90,90,110,110,100,105,95,0,0,0,0,0,0,0,0,0,0,1,0,0,135,91,0,1
79800,8.99,1.74,1.245,0.75,1.255,8.99,2.005,6.985,56.09,55.816,55.753,55.885,55.882,55.894,55.887,55.825,89.9,17.4,12.45,7.5,12.55,89.9,20.05,69.85,120,125,135,125,135,130,130,130,100,90,90,110,110,100,105,95,0,0,0,0,0,0,0,0,0,0,1,0,0,135,91,0,1
80400,8.99,1.74,1.245,0.75,1.255,8.99,2.005,6.985,56.09,55.816,55.753,55.885,55.882,55.894,55.887,55.825,89.9,17.4,12.45,7.5,12.55,89.9,20.05,69.85,120,125,135,125,135,130,130,130,100,90,90,110,110,100,105,95,0,0,0,0,0,0,0,0,0,0,1,0,0,135,91,0,1
81000,8.99,1.74,1.245,0.75,1.255,8.99,2.005,6.985,56.09,55.816,55.753,55.885,55.882,55.894,55.887,55.825,89.9,17.4,12.45,7.5,12.55,89.9,20.05,69.85,120,125,135,125,135,130,130,130,100,90,90,110,110,100,105,95,0,0,0,0,0,0,0,0,0,0,1,0,0,135,91,0,1
81600,8.99,1.74,1.245,0.75,1.255,8.99,2.005,6.985,56.09,55.816,55.753,55.885,55.882,55.894,55.887,55.825,89.9,17.4,12.45,7.5,12.55,89.9,20.05,69.85,120,125,135,125,135,130,130,130,100,90,90,110,110,100,105,95,0,0,0,0,0,0,0,0,0,0,1,0,0,135,91,0,1
82200,8.99,1.74,1.245,0.75,1.255,8.99,2.005,6.985,56.09,55.816,55.753,55.885,55.882,55.894,55.887,55.825,89.9,17.4,12.45,7.5,12.55,89.9,20.05,69.85,120,125,135,125,135,130,130,130,100,90,90,110,110,100,105,95,0,0,0,0,0,0,0,0,0,0,1,0,0,135,91,0,1
82800,7.15,0.3,1.2,0.45,1.2,7.15,1.65,5.5,58.504,58.331,58.26,58.37,58.366,58.375,58.371,58.331,71.5,3,12,4.5,12,71.5,16.5,55,120,125,135,125,135,130,130,130,100,90,90,110,110,100,105,95,0,0,0,0,0,0,0,0,0,0,1,0,0,135,91,0,1
83400,7.15,0.3,1.2,0.45,1.2,7.15,1.65,5.5,58.504,58.331,58.26,58.37,58.366,58.375,58.371,58.331,71.5,3,12,4.5,12,71.5,16.5,55,120,125,135,125,135,130,130,130,100,90,90,110,110,100,105,95,0,0,0,0,0,0,0,0,0,0,1,0,0,135,91,0,1
84000,7.15,0.3,1.2,0.45,1.2,7.15,1.65,5.5,58.504,58.331,58.26,58.37,58.366,58.375,58.371,58.331,71.5,3,12,4.5,12,71.5,16.5,55,120,125,135,125,135,130,130,130,100,90,90,110,110,100,105,95,0,0,0,0,0,0,0,0,0,0,1,0,0,135,91,0,1
84600,7.15,0.3,1.2,0.45,1.2,7.15,1.65,5.5,58.504,58.331,58.26,58.37,58.366,58.375,58.371,58.331,71.5,3,12,4.5,12,71.5,16.5,55,120,125,135,125,135,130,130,130,100,90,90,110,110,100,105,95,0,0,0,0,0,0,0,0,0,0,1,0,0,135,91,0,1
85200,7.15,0.3,1.2,0.45,1.2,7.15,1.65,5.5,58.504,58.331,58.26,58.37,58.366,58.375,58.371,58.331,71.5,3,12,4.5,12,71.5,16.5,55,120,125,135,125,135,130,130,130,100,90,90,110,110,100,105,95,0,0,0,0,0,0,0,0,0,0,1,0,0,135,91,0,1
85800,7.15,0.3,1.2,0.45,1.2,7.15,1.65,5.5,58.504,58.331,58.26,58.37,58.366,58.375,58.371,58.331,71.5,3,12,4.5,12,71.5,16.5,55,120,125,135,125,135,130,130,130,100,90,90,110,110,100,105,95,0,0,0,0,0,0,0,0,0,0,1,0,0,135,91,0,1
86400,2.05,0.3,1,0.15,0.6,2.05,0.75,1.3,59.222,59.206,59.203,59.208,59.207,59.209,59.208,59.206,20.5,3,10,1.5,6,20.5,7.5,13,120,125,135,125,135,130,130,130,100,90,90,110,110,100,105,95,0,0,0,0,0,0,0,0,0,0,1,0,0,135,91,0,1
